開催日,大会名,店名,開催都道府県,大会カテゴリ,順位,獲得CSP,プレイヤーID,プレイヤー名,デッキ名,大会ID,詳細URL,元テキスト,取得日時
2022-10-08,シティリーグ2023 シーズン1 オープンリーグ,サンプルカード東京本店,東京都,オープン,1,100,0000000007,選手07,サーナイトex,700001,,"1 位	100pt	選手07
プレイヤーID：0000000007",2026-07-29T00:00:00Z
2022-10-08,シティリーグ2023 シーズン1 オープンリーグ,サンプルカード東京本店,東京都,オープン,2,75,0000000014,選手14,ドラパルトex,700001,,"2 位	75pt	選手14
プレイヤーID：0000000014",2026-07-29T00:00:00Z
2022-10-08,シティリーグ2023 シーズン1 オープンリーグ,サンプルカード東京本店,東京都,オープン,3,50,0000000016,選手16,サーナイトex,700001,,"3 位	50pt	選手16
プレイヤーID：0000000016",2026-07-29T00:00:00Z
2022-10-08,シティリーグ2023 シーズン1 オープンリーグ,サンプルカード東京本店,東京都,オープン,4,50,0000000018,選手18,リザードンex,700001,,"4 位	50pt	選手18
プレイヤーID：0000000018",2026-07-29T00:00:00Z
2022-10-08,シティリーグ2023 シーズン1 オープンリーグ,サンプルカード東京本店,東京都,オープン,5,25,0000000027,選手27,リザードンex,700001,,"5 位	25pt	選手27
プレイヤーID：0000000027",2026-07-29T00:00:00Z
2022-10-08,シティリーグ2023 シーズン1 オープンリーグ,サンプルカード東京本店,東京都,オープン,6,25,0000000028,選手28,タケルライコex,700001,,"6 位	25pt	選手28
プレイヤーID：0000000028",2026-07-29T00:00:00Z
2022-10-08,シティリーグ2023 シーズン1 オープンリーグ,サンプルカード東京本店,東京都,オープン,7,25,0000000035,選手35,リザードンex,700001,,"7 位	25pt	選手35
プレイヤーID：0000000035",2026-07-29T00:00:00Z
2022-10-08,シティリーグ2023 シーズン1 オープンリーグ,サンプルカード東京本店,東京都,オープン,8,25,0000000036,選手36,タケルライコex,700001,,"8 位	25pt	選手36
プレイヤーID：0000000036",2026-07-29T00:00:00Z
2023-03-08,シティリーグ2023 シーズン3 オープンリーグ,サンプルカード東京本店,東京都,オープン,1,100,0000000011,選手11,サーナイトex,700002,,"1 位	100pt	選手11
プレイヤーID：0000000011",2026-07-29T00:00:00Z
2023-03-08,シティリーグ2023 シーズン3 オープンリーグ,サンプルカード東京本店,東京都,オープン,2,75,0000000020,選手20,リザードンex,700002,,"2 位	75pt	選手20
プレイヤーID：0000000020",2026-07-29T00:00:00Z
2023-03-08,シティリーグ2023 シーズン3 オープンリーグ,サンプルカード東京本店,東京都,オープン,3,50,0000000031,選手31,タケルライコex,700002,,"3 位	50pt	選手31
プレイヤーID：0000000031",2026-07-29T00:00:00Z
2023-03-08,シティリーグ2023 シーズン3 オープンリーグ,サンプルカード東京本店,東京都,オープン,4,50,0000000032,選手32,リザードンex,700002,,"4 位	50pt	選手32
プレイヤーID：0000000032",2026-07-29T00:00:00Z
2023-03-08,シティリーグ2023 シーズン3 オープンリーグ,サンプルカード東京本店,東京都,オープン,5,25,0000000033,選手33,リザードンex,700002,,"5 位	25pt	選手33
プレイヤーID：0000000033",2026-07-29T00:00:00Z
2023-03-08,シティリーグ2023 シーズン3 オープンリーグ,サンプルカード東京本店,東京都,オープン,6,25,0000000034,選手34,リザードンex,700002,,"6 位	25pt	選手34
プレイヤーID：0000000034",2026-07-29T00:00:00Z
2023-03-08,シティリーグ2023 シーズン3 オープンリーグ,サンプルカード東京本店,東京都,オープン,7,25,0000000036,選手36,ドラパルトex,700002,,"7 位	25pt	選手36
プレイヤーID：0000000036",2026-07-29T00:00:00Z
2023-03-08,シティリーグ2023 シーズン3 オープンリーグ,サンプルカード東京本店,東京都,オープン,8,25,0000000041,選手41,タケルライコex,700002,,"8 位	25pt	選手41
プレイヤーID：0000000041",2026-07-29T00:00:00Z
2022-10-09,シティリーグ2023 シーズン1 オープンリーグ,サンプルカード池袋店,東京都,オープン,1,100,0000000006,選手06,リザードンex,700003,,"1 位	100pt	選手06
プレイヤーID：0000000006",2026-07-29T00:00:00Z
2022-10-09,シティリーグ2023 シーズン1 オープンリーグ,サンプルカード池袋店,東京都,オープン,2,75,0000000010,選手10,サーナイトex,700003,,"2 位	75pt	選手10
プレイヤーID：0000000010",2026-07-29T00:00:00Z
2022-10-09,シティリーグ2023 シーズン1 オープンリーグ,サンプルカード池袋店,東京都,オープン,3,50,0000000013,選手13,サーナイトex,700003,,"3 位	50pt	選手13
プレイヤーID：0000000013",2026-07-29T00:00:00Z
2022-10-09,シティリーグ2023 シーズン1 オープンリーグ,サンプルカード池袋店,東京都,オープン,4,50,0000000016,選手16,リザードンex,700003,,"4 位	50pt	選手16
プレイヤーID：0000000016",2026-07-29T00:00:00Z
2022-10-09,シティリーグ2023 シーズン1 オープンリーグ,サンプルカード池袋店,東京都,オープン,5,25,0000000021,選手21,タケルライコex,700003,,"5 位	25pt	選手21
プレイヤーID：0000000021",2026-07-29T00:00:00Z
2022-10-09,シティリーグ2023 シーズン1 オープンリーグ,サンプルカード池袋店,東京都,オープン,6,25,0000000026,選手26,ドラパルトex,700003,,"6 位	25pt	選手26
プレイヤーID：0000000026",2026-07-29T00:00:00Z
2022-10-09,シティリーグ2023 シーズン1 オープンリーグ,サンプルカード池袋店,東京都,オープン,7,25,0000000033,選手33,リザードンex,700003,,"7 位	25pt	選手33
プレイヤーID：0000000033",2026-07-29T00:00:00Z
2022-10-09,シティリーグ2023 シーズン1 オープンリーグ,サンプルカード池袋店,東京都,オープン,8,25,0000000041,選手41,ドラパルトex,700003,,"8 位	25pt	選手41
プレイヤーID：0000000041",2026-07-29T00:00:00Z
2023-03-09,シティリーグ2023 シーズン3 オープンリーグ,サンプルカード池袋店,東京都,オープン,1,100,0000000003,選手03,サーナイトex,700004,,"1 位	100pt	選手03
プレイヤーID：0000000003",2026-07-29T00:00:00Z
2023-03-09,シティリーグ2023 シーズン3 オープンリーグ,サンプルカード池袋店,東京都,オープン,2,75,0000000004,選手04,ドラパルトex,700004,,"2 位	75pt	選手04
プレイヤーID：0000000004",2026-07-29T00:00:00Z
2023-03-09,シティリーグ2023 シーズン3 オープンリーグ,サンプルカード池袋店,東京都,オープン,3,50,0000000017,選手17,サーナイトex,700004,,"3 位	50pt	選手17
プレイヤーID：0000000017",2026-07-29T00:00:00Z
2023-03-09,シティリーグ2023 シーズン3 オープンリーグ,サンプルカード池袋店,東京都,オープン,4,50,0000000019,選手19,リザードンex,700004,,"4 位	50pt	選手19
プレイヤーID：0000000019",2026-07-29T00:00:00Z
2023-03-09,シティリーグ2023 シーズン3 オープンリーグ,サンプルカード池袋店,東京都,オープン,5,25,0000000020,選手20,ドラパルトex,700004,,"5 位	25pt	選手20
プレイヤーID：0000000020",2026-07-29T00:00:00Z
2023-03-09,シティリーグ2023 シーズン3 オープンリーグ,サンプルカード池袋店,東京都,オープン,6,25,0000000021,選手21,リザードンex,700004,,"6 位	25pt	選手21
プレイヤーID：0000000021",2026-07-29T00:00:00Z
2023-03-09,シティリーグ2023 シーズン3 オープンリーグ,サンプルカード池袋店,東京都,オープン,7,25,0000000023,選手23,タケルライコex,700004,,"7 位	25pt	選手23
プレイヤーID：0000000023",2026-07-29T00:00:00Z
2023-03-09,シティリーグ2023 シーズン3 オープンリーグ,サンプルカード池袋店,東京都,オープン,8,25,0000000042,選手42,サーナイトex,700004,,"8 位	25pt	選手42
プレイヤーID：0000000042",2026-07-29T00:00:00Z
2022-10-09,シティリーグ2023 シーズン1 オープンリーグ,サンプルトレカ千葉店,千葉県,オープン,1,100,0000000012,選手12,タケルライコex,700005,,"1 位	100pt	選手12
プレイヤーID：0000000012",2026-07-29T00:00:00Z
2022-10-09,シティリーグ2023 シーズン1 オープンリーグ,サンプルトレカ千葉店,千葉県,オープン,2,75,0000000018,選手18,ドラパルトex,700005,,"2 位	75pt	選手18
プレイヤーID：0000000018",2026-07-29T00:00:00Z
2022-10-09,シティリーグ2023 シーズン1 オープンリーグ,サンプルトレカ千葉店,千葉県,オープン,3,50,0000000023,選手23,ドラパルトex,700005,,"3 位	50pt	選手23
プレイヤーID：0000000023",2026-07-29T00:00:00Z
2022-10-09,シティリーグ2023 シーズン1 オープンリーグ,サンプルトレカ千葉店,千葉県,オープン,4,50,0000000027,選手27,サーナイトex,700005,,"4 位	50pt	選手27
プレイヤーID：0000000027",2026-07-29T00:00:00Z
2022-10-09,シティリーグ2023 シーズン1 オープンリーグ,サンプルトレカ千葉店,千葉県,オープン,5,25,0000000029,選手29,ドラパルトex,700005,,"5 位	25pt	選手29
プレイヤーID：0000000029",2026-07-29T00:00:00Z
2022-10-09,シティリーグ2023 シーズン1 オープンリーグ,サンプルトレカ千葉店,千葉県,オープン,6,25,0000000030,選手30,サーナイトex,700005,,"6 位	25pt	選手30
プレイヤーID：0000000030",2026-07-29T00:00:00Z
2022-10-09,シティリーグ2023 シーズン1 オープンリーグ,サンプルトレカ千葉店,千葉県,オープン,7,25,0000000044,選手44,リザードンex,700005,,"7 位	25pt	選手44
プレイヤーID：0000000044",2026-07-29T00:00:00Z
2022-10-09,シティリーグ2023 シーズン1 オープンリーグ,サンプルトレカ千葉店,千葉県,オープン,8,25,0000000052,選手52,ドラパルトex,700005,,"8 位	25pt	選手52
プレイヤーID：0000000052",2026-07-29T00:00:00Z
2023-03-09,シティリーグ2023 シーズン3 オープンリーグ,サンプルトレカ千葉店,千葉県,オープン,1,100,0000000015,選手15,タケルライコex,700006,,"1 位	100pt	選手15
プレイヤーID：0000000015",2026-07-29T00:00:00Z
2023-03-09,シティリーグ2023 シーズン3 オープンリーグ,サンプルトレカ千葉店,千葉県,オープン,2,75,0000000016,選手16,サーナイトex,700006,,"2 位	75pt	選手16
プレイヤーID：0000000016",2026-07-29T00:00:00Z
2023-03-09,シティリーグ2023 シーズン3 オープンリーグ,サンプルトレカ千葉店,千葉県,オープン,3,50,0000000019,選手19,タケルライコex,700006,,"3 位	50pt	選手19
プレイヤーID：0000000019",2026-07-29T00:00:00Z
2023-03-09,シティリーグ2023 シーズン3 オープンリーグ,サンプルトレカ千葉店,千葉県,オープン,4,50,0000000021,選手21,ドラパルトex,700006,,"4 位	50pt	選手21
プレイヤーID：0000000021",2026-07-29T00:00:00Z
2023-03-09,シティリーグ2023 シーズン3 オープンリーグ,サンプルトレカ千葉店,千葉県,オープン,5,25,0000000035,選手35,タケルライコex,700006,,"5 位	25pt	選手35
プレイヤーID：0000000035",2026-07-29T00:00:00Z
2023-03-09,シティリーグ2023 シーズン3 オープンリーグ,サンプルトレカ千葉店,千葉県,オープン,6,25,0000000039,選手39,サーナイトex,700006,,"6 位	25pt	選手39
プレイヤーID：0000000039",2026-07-29T00:00:00Z
2023-03-09,シティリーグ2023 シーズン3 オープンリーグ,サンプルトレカ千葉店,千葉県,オープン,7,25,0000000043,選手43,ドラパルトex,700006,,"7 位	25pt	選手43
プレイヤーID：0000000043",2026-07-29T00:00:00Z
2023-03-09,シティリーグ2023 シーズン3 オープンリーグ,サンプルトレカ千葉店,千葉県,オープン,8,25,0000000046,選手46,タケルライコex,700006,,"8 位	25pt	選手46
プレイヤーID：0000000046",2026-07-29T00:00:00Z
2022-10-10,シティリーグ2023 シーズン1 オープンリーグ,サンプルバトル柏店,千葉県,オープン,1,100,0000000013,選手13,ドラパルトex,700007,,"1 位	100pt	選手13
プレイヤーID：0000000013",2026-07-29T00:00:00Z
2022-10-10,シティリーグ2023 シーズン1 オープンリーグ,サンプルバトル柏店,千葉県,オープン,2,75,0000000014,選手14,リザードンex,700007,,"2 位	75pt	選手14
プレイヤーID：0000000014",2026-07-29T00:00:00Z
2022-10-10,シティリーグ2023 シーズン1 オープンリーグ,サンプルバトル柏店,千葉県,オープン,3,50,0000000026,選手26,ドラパルトex,700007,,"3 位	50pt	選手26
プレイヤーID：0000000026",2026-07-29T00:00:00Z
2022-10-10,シティリーグ2023 シーズン1 オープンリーグ,サンプルバトル柏店,千葉県,オープン,4,50,0000000027,選手27,サーナイトex,700007,,"4 位	50pt	選手27
プレイヤーID：0000000027",2026-07-29T00:00:00Z
2022-10-10,シティリーグ2023 シーズン1 オープンリーグ,サンプルバトル柏店,千葉県,オープン,5,25,0000000029,選手29,タケルライコex,700007,,"5 位	25pt	選手29
プレイヤーID：0000000029",2026-07-29T00:00:00Z
2022-10-10,シティリーグ2023 シーズン1 オープンリーグ,サンプルバトル柏店,千葉県,オープン,6,25,0000000031,選手31,タケルライコex,700007,,"6 位	25pt	選手31
プレイヤーID：0000000031",2026-07-29T00:00:00Z
2022-10-10,シティリーグ2023 シーズン1 オープンリーグ,サンプルバトル柏店,千葉県,オープン,7,25,0000000034,選手34,リザードンex,700007,,"7 位	25pt	選手34
プレイヤーID：0000000034",2026-07-29T00:00:00Z
2022-10-10,シティリーグ2023 シーズン1 オープンリーグ,サンプルバトル柏店,千葉県,オープン,8,25,0000000036,選手36,ドラパルトex,700007,,"8 位	25pt	選手36
プレイヤーID：0000000036",2026-07-29T00:00:00Z
2023-03-10,シティリーグ2023 シーズン3 オープンリーグ,サンプルバトル柏店,千葉県,オープン,1,100,0000000013,選手13,リザードンex,700008,,"1 位	100pt	選手13
プレイヤーID：0000000013",2026-07-29T00:00:00Z
2023-03-10,シティリーグ2023 シーズン3 オープンリーグ,サンプルバトル柏店,千葉県,オープン,2,75,0000000017,選手17,サーナイトex,700008,,"2 位	75pt	選手17
プレイヤーID：0000000017",2026-07-29T00:00:00Z
2023-03-10,シティリーグ2023 シーズン3 オープンリーグ,サンプルバトル柏店,千葉県,オープン,3,50,0000000020,選手20,ドラパルトex,700008,,"3 位	50pt	選手20
プレイヤーID：0000000020",2026-07-29T00:00:00Z
2023-03-10,シティリーグ2023 シーズン3 オープンリーグ,サンプルバトル柏店,千葉県,オープン,4,50,0000000023,選手23,タケルライコex,700008,,"4 位	50pt	選手23
プレイヤーID：0000000023",2026-07-29T00:00:00Z
2023-03-10,シティリーグ2023 シーズン3 オープンリーグ,サンプルバトル柏店,千葉県,オープン,5,25,0000000032,選手32,リザードンex,700008,,"5 位	25pt	選手32
プレイヤーID：0000000032",2026-07-29T00:00:00Z
2023-03-10,シティリーグ2023 シーズン3 オープンリーグ,サンプルバトル柏店,千葉県,オープン,6,25,0000000039,選手39,サーナイトex,700008,,"6 位	25pt	選手39
プレイヤーID：0000000039",2026-07-29T00:00:00Z
2023-03-10,シティリーグ2023 シーズン3 オープンリーグ,サンプルバトル柏店,千葉県,オープン,7,25,0000000040,選手40,リザードンex,700008,,"7 位	25pt	選手40
プレイヤーID：0000000040",2026-07-29T00:00:00Z
2023-03-10,シティリーグ2023 シーズン3 オープンリーグ,サンプルバトル柏店,千葉県,オープン,8,25,0000000048,選手48,サーナイトex,700008,,"8 位	25pt	選手48
プレイヤーID：0000000048",2026-07-29T00:00:00Z
2022-10-10,シティリーグ2023 シーズン1 オープンリーグ,サンプルカード横浜店,神奈川県,オープン,1,100,0000000017,選手17,ドラパルトex,700009,,"1 位	100pt	選手17
プレイヤーID：0000000017",2026-07-29T00:00:00Z
2022-10-10,シティリーグ2023 シーズン1 オープンリーグ,サンプルカード横浜店,神奈川県,オープン,2,75,0000000023,選手23,リザードンex,700009,,"2 位	75pt	選手23
プレイヤーID：0000000023",2026-07-29T00:00:00Z
2022-10-10,シティリーグ2023 シーズン1 オープンリーグ,サンプルカード横浜店,神奈川県,オープン,3,50,0000000024,選手24,サーナイトex,700009,,"3 位	50pt	選手24
プレイヤーID：0000000024",2026-07-29T00:00:00Z
2022-10-10,シティリーグ2023 シーズン1 オープンリーグ,サンプルカード横浜店,神奈川県,オープン,4,50,0000000034,選手34,タケルライコex,700009,,"4 位	50pt	選手34
プレイヤーID：0000000034",2026-07-29T00:00:00Z
2022-10-10,シティリーグ2023 シーズン1 オープンリーグ,サンプルカード横浜店,神奈川県,オープン,5,25,0000000039,選手39,リザードンex,700009,,"5 位	25pt	選手39
プレイヤーID：0000000039",2026-07-29T00:00:00Z
2022-10-10,シティリーグ2023 シーズン1 オープンリーグ,サンプルカード横浜店,神奈川県,オープン,6,25,0000000041,選手41,サーナイトex,700009,,"6 位	25pt	選手41
プレイヤーID：0000000041",2026-07-29T00:00:00Z
2022-10-10,シティリーグ2023 シーズン1 オープンリーグ,サンプルカード横浜店,神奈川県,オープン,7,25,0000000046,選手46,ドラパルトex,700009,,"7 位	25pt	選手46
プレイヤーID：0000000046",2026-07-29T00:00:00Z
2022-10-10,シティリーグ2023 シーズン1 オープンリーグ,サンプルカード横浜店,神奈川県,オープン,8,25,0000000047,選手47,リザードンex,700009,,"8 位	25pt	選手47
プレイヤーID：0000000047",2026-07-29T00:00:00Z
2023-03-10,シティリーグ2023 シーズン3 オープンリーグ,サンプルカード横浜店,神奈川県,オープン,1,100,0000000011,選手11,リザードンex,700010,,"1 位	100pt	選手11
プレイヤーID：0000000011",2026-07-29T00:00:00Z
2023-03-10,シティリーグ2023 シーズン3 オープンリーグ,サンプルカード横浜店,神奈川県,オープン,2,75,0000000012,選手12,サーナイトex,700010,,"2 位	75pt	選手12
プレイヤーID：0000000012",2026-07-29T00:00:00Z
2023-03-10,シティリーグ2023 シーズン3 オープンリーグ,サンプルカード横浜店,神奈川県,オープン,3,50,0000000015,選手15,リザードンex,700010,,"3 位	50pt	選手15
プレイヤーID：0000000015",2026-07-29T00:00:00Z
2023-03-10,シティリーグ2023 シーズン3 オープンリーグ,サンプルカード横浜店,神奈川県,オープン,4,50,0000000021,選手21,リザードンex,700010,,"4 位	50pt	選手21
プレイヤーID：0000000021",2026-07-29T00:00:00Z
2023-03-10,シティリーグ2023 シーズン3 オープンリーグ,サンプルカード横浜店,神奈川県,オープン,5,25,0000000022,選手22,タケルライコex,700010,,"5 位	25pt	選手22
プレイヤーID：0000000022",2026-07-29T00:00:00Z
2023-03-10,シティリーグ2023 シーズン3 オープンリーグ,サンプルカード横浜店,神奈川県,オープン,6,25,0000000026,選手26,サーナイトex,700010,,"6 位	25pt	選手26
プレイヤーID：0000000026",2026-07-29T00:00:00Z
2023-03-10,シティリーグ2023 シーズン3 オープンリーグ,サンプルカード横浜店,神奈川県,オープン,7,25,0000000028,選手28,タケルライコex,700010,,"7 位	25pt	選手28
プレイヤーID：0000000028",2026-07-29T00:00:00Z
2023-03-10,シティリーグ2023 シーズン3 オープンリーグ,サンプルカード横浜店,神奈川県,オープン,8,25,0000000048,選手48,タケルライコex,700010,,"8 位	25pt	選手48
プレイヤーID：0000000048",2026-07-29T00:00:00Z
2022-10-11,シティリーグ2023 シーズン1 オープンリーグ,サンプルトレカ川崎店,神奈川県,オープン,1,100,0000000016,選手16,リザードンex,700011,,"1 位	100pt	選手16
プレイヤーID：0000000016",2026-07-29T00:00:00Z
2022-10-11,シティリーグ2023 シーズン1 オープンリーグ,サンプルトレカ川崎店,神奈川県,オープン,2,75,0000000019,選手19,ドラパルトex,700011,,"2 位	75pt	選手19
プレイヤーID：0000000019",2026-07-29T00:00:00Z
2022-10-11,シティリーグ2023 シーズン1 オープンリーグ,サンプルトレカ川崎店,神奈川県,オープン,3,50,0000000022,選手22,リザードンex,700011,,"3 位	50pt	選手22
プレイヤーID：0000000022",2026-07-29T00:00:00Z
2022-10-11,シティリーグ2023 シーズン1 オープンリーグ,サンプルトレカ川崎店,神奈川県,オープン,4,50,0000000031,選手31,リザードンex,700011,,"4 位	50pt	選手31
プレイヤーID：0000000031",2026-07-29T00:00:00Z
2022-10-11,シティリーグ2023 シーズン1 オープンリーグ,サンプルトレカ川崎店,神奈川県,オープン,5,25,0000000036,選手36,ドラパルトex,700011,,"5 位	25pt	選手36
プレイヤーID：0000000036",2026-07-29T00:00:00Z
2022-10-11,シティリーグ2023 シーズン1 オープンリーグ,サンプルトレカ川崎店,神奈川県,オープン,6,25,0000000041,選手41,サーナイトex,700011,,"6 位	25pt	選手41
プレイヤーID：0000000041",2026-07-29T00:00:00Z
2022-10-11,シティリーグ2023 シーズン1 オープンリーグ,サンプルトレカ川崎店,神奈川県,オープン,7,25,0000000043,選手43,ドラパルトex,700011,,"7 位	25pt	選手43
プレイヤーID：0000000043",2026-07-29T00:00:00Z
2022-10-11,シティリーグ2023 シーズン1 オープンリーグ,サンプルトレカ川崎店,神奈川県,オープン,8,25,0000000044,選手44,タケルライコex,700011,,"8 位	25pt	選手44
プレイヤーID：0000000044",2026-07-29T00:00:00Z
2023-03-11,シティリーグ2023 シーズン3 オープンリーグ,サンプルトレカ川崎店,神奈川県,オープン,1,100,0000000012,選手12,サーナイトex,700012,,"1 位	100pt	選手12
プレイヤーID：0000000012",2026-07-29T00:00:00Z
2023-03-11,シティリーグ2023 シーズン3 オープンリーグ,サンプルトレカ川崎店,神奈川県,オープン,2,75,0000000014,選手14,サーナイトex,700012,,"2 位	75pt	選手14
プレイヤーID：0000000014",2026-07-29T00:00:00Z
2023-03-11,シティリーグ2023 シーズン3 オープンリーグ,サンプルトレカ川崎店,神奈川県,オープン,3,50,0000000016,選手16,タケルライコex,700012,,"3 位	50pt	選手16
プレイヤーID：0000000016",2026-07-29T00:00:00Z
2023-03-11,シティリーグ2023 シーズン3 オープンリーグ,サンプルトレカ川崎店,神奈川県,オープン,4,50,0000000017,選手17,ドラパルトex,700012,,"4 位	50pt	選手17
プレイヤーID：0000000017",2026-07-29T00:00:00Z
2023-03-11,シティリーグ2023 シーズン3 オープンリーグ,サンプルトレカ川崎店,神奈川県,オープン,5,25,0000000019,選手19,ドラパルトex,700012,,"5 位	25pt	選手19
プレイヤーID：0000000019",2026-07-29T00:00:00Z
2023-03-11,シティリーグ2023 シーズン3 オープンリーグ,サンプルトレカ川崎店,神奈川県,オープン,6,25,0000000021,選手21,タケルライコex,700012,,"6 位	25pt	選手21
プレイヤーID：0000000021",2026-07-29T00:00:00Z
2023-03-11,シティリーグ2023 シーズン3 オープンリーグ,サンプルトレカ川崎店,神奈川県,オープン,7,25,0000000033,選手33,ドラパルトex,700012,,"7 位	25pt	選手33
プレイヤーID：0000000033",2026-07-29T00:00:00Z
2023-03-11,シティリーグ2023 シーズン3 オープンリーグ,サンプルトレカ川崎店,神奈川県,オープン,8,25,0000000045,選手45,ドラパルトex,700012,,"8 位	25pt	選手45
プレイヤーID：0000000045",2026-07-29T00:00:00Z
2022-10-11,シティリーグ2023 シーズン1 オープンリーグ,サンプルカード大阪店,大阪府,オープン,1,100,0000000002,強豪B,ドラパルトex,700013,,"1 位	100pt	強豪B
プレイヤーID：0000000002",2026-07-29T00:00:00Z
2022-10-11,シティリーグ2023 シーズン1 オープンリーグ,サンプルカード大阪店,大阪府,オープン,2,75,0000000003,選手03,ドラパルトex,700013,,"2 位	75pt	選手03
プレイヤーID：0000000003",2026-07-29T00:00:00Z
2022-10-11,シティリーグ2023 シーズン1 オープンリーグ,サンプルカード大阪店,大阪府,オープン,3,50,0000000004,選手04,タケルライコex,700013,,"3 位	50pt	選手04
プレイヤーID：0000000004",2026-07-29T00:00:00Z
2022-10-11,シティリーグ2023 シーズン1 オープンリーグ,サンプルカード大阪店,大阪府,オープン,4,50,0000000007,選手07,サーナイトex,700013,,"4 位	50pt	選手07
プレイヤーID：0000000007",2026-07-29T00:00:00Z
2022-10-11,シティリーグ2023 シーズン1 オープンリーグ,サンプルカード大阪店,大阪府,オープン,5,25,0000000009,選手09,ドラパルトex,700013,,"5 位	25pt	選手09
プレイヤーID：0000000009",2026-07-29T00:00:00Z
2022-10-11,シティリーグ2023 シーズン1 オープンリーグ,サンプルカード大阪店,大阪府,オープン,6,25,0000000011,選手11,リザードンex,700013,,"6 位	25pt	選手11
プレイヤーID：0000000011",2026-07-29T00:00:00Z
2022-10-11,シティリーグ2023 シーズン1 オープンリーグ,サンプルカード大阪店,大阪府,オープン,7,25,0000000027,選手27,ドラパルトex,700013,,"7 位	25pt	選手27
プレイヤーID：0000000027",2026-07-29T00:00:00Z
2022-10-11,シティリーグ2023 シーズン1 オープンリーグ,サンプルカード大阪店,大阪府,オープン,8,25,0000000037,選手37,ドラパルトex,700013,,"8 位	25pt	選手37
プレイヤーID：0000000037",2026-07-29T00:00:00Z
2023-03-11,シティリーグ2023 シーズン3 オープンリーグ,サンプルカード大阪店,大阪府,オープン,1,100,0000000002,強豪B,ドラパルトex,700014,,"1 位	100pt	強豪B
プレイヤーID：0000000002",2026-07-29T00:00:00Z
2023-03-11,シティリーグ2023 シーズン3 オープンリーグ,サンプルカード大阪店,大阪府,オープン,2,75,0000000004,選手04,タケルライコex,700014,,"2 位	75pt	選手04
プレイヤーID：0000000004",2026-07-29T00:00:00Z
2023-03-11,シティリーグ2023 シーズン3 オープンリーグ,サンプルカード大阪店,大阪府,オープン,3,50,0000000008,選手08,タケルライコex,700014,,"3 位	50pt	選手08
プレイヤーID：0000000008",2026-07-29T00:00:00Z
2023-03-11,シティリーグ2023 シーズン3 オープンリーグ,サンプルカード大阪店,大阪府,オープン,4,50,0000000015,選手15,タケルライコex,700014,,"4 位	50pt	選手15
プレイヤーID：0000000015",2026-07-29T00:00:00Z
2023-03-11,シティリーグ2023 シーズン3 オープンリーグ,サンプルカード大阪店,大阪府,オープン,5,25,0000000019,選手19,タケルライコex,700014,,"5 位	25pt	選手19
プレイヤーID：0000000019",2026-07-29T00:00:00Z
2023-03-11,シティリーグ2023 シーズン3 オープンリーグ,サンプルカード大阪店,大阪府,オープン,6,25,0000000027,選手27,タケルライコex,700014,,"6 位	25pt	選手27
プレイヤーID：0000000027",2026-07-29T00:00:00Z
2023-03-11,シティリーグ2023 シーズン3 オープンリーグ,サンプルカード大阪店,大阪府,オープン,7,25,0000000030,選手30,ドラパルトex,700014,,"7 位	25pt	選手30
プレイヤーID：0000000030",2026-07-29T00:00:00Z
2023-03-11,シティリーグ2023 シーズン3 オープンリーグ,サンプルカード大阪店,大阪府,オープン,8,25,0000000032,選手32,サーナイトex,700014,,"8 位	25pt	選手32
プレイヤーID：0000000032",2026-07-29T00:00:00Z
2022-10-12,シティリーグ2023 シーズン1 オープンリーグ,サンプルトレカ梅田店,大阪府,オープン,1,100,0000000005,選手05,サーナイトex,700015,,"1 位	100pt	選手05
プレイヤーID：0000000005",2026-07-29T00:00:00Z
2022-10-12,シティリーグ2023 シーズン1 オープンリーグ,サンプルトレカ梅田店,大阪府,オープン,2,75,0000000006,選手06,サーナイトex,700015,,"2 位	75pt	選手06
プレイヤーID：0000000006",2026-07-29T00:00:00Z
2022-10-12,シティリーグ2023 シーズン1 オープンリーグ,サンプルトレカ梅田店,大阪府,オープン,3,50,0000000009,選手09,サーナイトex,700015,,"3 位	50pt	選手09
プレイヤーID：0000000009",2026-07-29T00:00:00Z
2022-10-12,シティリーグ2023 シーズン1 オープンリーグ,サンプルトレカ梅田店,大阪府,オープン,4,50,0000000021,選手21,リザードンex,700015,,"4 位	50pt	選手21
プレイヤーID：0000000021",2026-07-29T00:00:00Z
2022-10-12,シティリーグ2023 シーズン1 オープンリーグ,サンプルトレカ梅田店,大阪府,オープン,5,25,0000000026,選手26,タケルライコex,700015,,"5 位	25pt	選手26
プレイヤーID：0000000026",2026-07-29T00:00:00Z
2022-10-12,シティリーグ2023 シーズン1 オープンリーグ,サンプルトレカ梅田店,大阪府,オープン,6,25,0000000029,選手29,ドラパルトex,700015,,"6 位	25pt	選手29
プレイヤーID：0000000029",2026-07-29T00:00:00Z
2022-10-12,シティリーグ2023 シーズン1 オープンリーグ,サンプルトレカ梅田店,大阪府,オープン,7,25,0000000031,選手31,サーナイトex,700015,,"7 位	25pt	選手31
プレイヤーID：0000000031",2026-07-29T00:00:00Z
2022-10-12,シティリーグ2023 シーズン1 オープンリーグ,サンプルトレカ梅田店,大阪府,オープン,8,25,0000000034,選手34,サーナイトex,700015,,"8 位	25pt	選手34
プレイヤーID：0000000034",2026-07-29T00:00:00Z
2023-03-12,シティリーグ2023 シーズン3 オープンリーグ,サンプルトレカ梅田店,大阪府,オープン,1,100,0000000005,選手05,サーナイトex,700016,,"1 位	100pt	選手05
プレイヤーID：0000000005",2026-07-29T00:00:00Z
2023-03-12,シティリーグ2023 シーズン3 オープンリーグ,サンプルトレカ梅田店,大阪府,オープン,2,75,0000000011,選手11,リザードンex,700016,,"2 位	75pt	選手11
プレイヤーID：0000000011",2026-07-29T00:00:00Z
2023-03-12,シティリーグ2023 シーズン3 オープンリーグ,サンプルトレカ梅田店,大阪府,オープン,3,50,0000000022,選手22,タケルライコex,700016,,"3 位	50pt	選手22
プレイヤーID：0000000022",2026-07-29T00:00:00Z
2023-03-12,シティリーグ2023 シーズン3 オープンリーグ,サンプルトレカ梅田店,大阪府,オープン,4,50,0000000026,選手26,サーナイトex,700016,,"4 位	50pt	選手26
プレイヤーID：0000000026",2026-07-29T00:00:00Z
2023-03-12,シティリーグ2023 シーズン3 オープンリーグ,サンプルトレカ梅田店,大阪府,オープン,5,25,0000000033,選手33,リザードンex,700016,,"5 位	25pt	選手33
プレイヤーID：0000000033",2026-07-29T00:00:00Z
2023-03-12,シティリーグ2023 シーズン3 オープンリーグ,サンプルトレカ梅田店,大阪府,オープン,6,25,0000000035,選手35,リザードンex,700016,,"6 位	25pt	選手35
プレイヤーID：0000000035",2026-07-29T00:00:00Z
2023-03-12,シティリーグ2023 シーズン3 オープンリーグ,サンプルトレカ梅田店,大阪府,オープン,7,25,0000000041,選手41,サーナイトex,700016,,"7 位	25pt	選手41
プレイヤーID：0000000041",2026-07-29T00:00:00Z
2023-03-12,シティリーグ2023 シーズン3 オープンリーグ,サンプルトレカ梅田店,大阪府,オープン,8,25,0000000042,選手42,タケルライコex,700016,,"8 位	25pt	選手42
プレイヤーID：0000000042",2026-07-29T00:00:00Z
2022-10-12,シティリーグ2023 シーズン1 オープンリーグ,サンプルカード愛知店,愛知県,オープン,1,100,0000000021,選手21,サーナイトex,700017,,"1 位	100pt	選手21
プレイヤーID：0000000021",2026-07-29T00:00:00Z
2022-10-12,シティリーグ2023 シーズン1 オープンリーグ,サンプルカード愛知店,愛知県,オープン,2,75,0000000022,選手22,ドラパルトex,700017,,"2 位	75pt	選手22
プレイヤーID：0000000022",2026-07-29T00:00:00Z
2022-10-12,シティリーグ2023 シーズン1 オープンリーグ,サンプルカード愛知店,愛知県,オープン,3,50,0000000026,選手26,ドラパルトex,700017,,"3 位	50pt	選手26
プレイヤーID：0000000026",2026-07-29T00:00:00Z
2022-10-12,シティリーグ2023 シーズン1 オープンリーグ,サンプルカード愛知店,愛知県,オープン,4,50,0000000029,選手29,リザードンex,700017,,"4 位	50pt	選手29
プレイヤーID：0000000029",2026-07-29T00:00:00Z
2022-10-12,シティリーグ2023 シーズン1 オープンリーグ,サンプルカード愛知店,愛知県,オープン,5,25,0000000039,選手39,リザードンex,700017,,"5 位	25pt	選手39
プレイヤーID：0000000039",2026-07-29T00:00:00Z
2022-10-12,シティリーグ2023 シーズン1 オープンリーグ,サンプルカード愛知店,愛知県,オープン,6,25,0000000041,選手41,リザードンex,700017,,"6 位	25pt	選手41
プレイヤーID：0000000041",2026-07-29T00:00:00Z
2022-10-12,シティリーグ2023 シーズン1 オープンリーグ,サンプルカード愛知店,愛知県,オープン,7,25,0000000045,選手45,タケルライコex,700017,,"7 位	25pt	選手45
プレイヤーID：0000000045",2026-07-29T00:00:00Z
2022-10-12,シティリーグ2023 シーズン1 オープンリーグ,サンプルカード愛知店,愛知県,オープン,8,25,0000000055,選手55,ドラパルトex,700017,,"8 位	25pt	選手55
プレイヤーID：0000000055",2026-07-29T00:00:00Z
2023-03-12,シティリーグ2023 シーズン3 オープンリーグ,サンプルカード愛知店,愛知県,オープン,1,100,0000000024,選手24,タケルライコex,700018,,"1 位	100pt	選手24
プレイヤーID：0000000024",2026-07-29T00:00:00Z
2023-03-12,シティリーグ2023 シーズン3 オープンリーグ,サンプルカード愛知店,愛知県,オープン,2,75,0000000026,選手26,リザードンex,700018,,"2 位	75pt	選手26
プレイヤーID：0000000026",2026-07-29T00:00:00Z
2023-03-12,シティリーグ2023 シーズン3 オープンリーグ,サンプルカード愛知店,愛知県,オープン,3,50,0000000035,選手35,サーナイトex,700018,,"3 位	50pt	選手35
プレイヤーID：0000000035",2026-07-29T00:00:00Z
2023-03-12,シティリーグ2023 シーズン3 オープンリーグ,サンプルカード愛知店,愛知県,オープン,4,50,0000000050,選手50,タケルライコex,700018,,"4 位	50pt	選手50
プレイヤーID：0000000050",2026-07-29T00:00:00Z
2023-03-12,シティリーグ2023 シーズン3 オープンリーグ,サンプルカード愛知店,愛知県,オープン,5,25,0000000052,選手52,ドラパルトex,700018,,"5 位	25pt	選手52
プレイヤーID：0000000052",2026-07-29T00:00:00Z
2023-03-12,シティリーグ2023 シーズン3 オープンリーグ,サンプルカード愛知店,愛知県,オープン,6,25,0000000053,選手53,ドラパルトex,700018,,"6 位	25pt	選手53
プレイヤーID：0000000053",2026-07-29T00:00:00Z
2023-03-12,シティリーグ2023 シーズン3 オープンリーグ,サンプルカード愛知店,愛知県,オープン,7,25,0000000059,選手59,タケルライコex,700018,,"7 位	25pt	選手59
プレイヤーID：0000000059",2026-07-29T00:00:00Z
2023-03-12,シティリーグ2023 シーズン3 オープンリーグ,サンプルカード愛知店,愛知県,オープン,8,25,0000000060,選手60,ドラパルトex,700018,,"8 位	25pt	選手60
プレイヤーID：0000000060",2026-07-29T00:00:00Z
2022-10-13,シティリーグ2023 シーズン1 オープンリーグ,サンプルトレカ名古屋店,愛知県,オープン,1,100,0000000021,選手21,タケルライコex,700019,,"1 位	100pt	選手21
プレイヤーID：0000000021",2026-07-29T00:00:00Z
2022-10-13,シティリーグ2023 シーズン1 オープンリーグ,サンプルトレカ名古屋店,愛知県,オープン,2,75,0000000022,選手22,タケルライコex,700019,,"2 位	75pt	選手22
プレイヤーID：0000000022",2026-07-29T00:00:00Z
2022-10-13,シティリーグ2023 シーズン1 オープンリーグ,サンプルトレカ名古屋店,愛知県,オープン,3,50,0000000026,選手26,タケルライコex,700019,,"3 位	50pt	選手26
プレイヤーID：0000000026",2026-07-29T00:00:00Z
2022-10-13,シティリーグ2023 シーズン1 オープンリーグ,サンプルトレカ名古屋店,愛知県,オープン,4,50,0000000030,選手30,タケルライコex,700019,,"4 位	50pt	選手30
プレイヤーID：0000000030",2026-07-29T00:00:00Z
2022-10-13,シティリーグ2023 シーズン1 オープンリーグ,サンプルトレカ名古屋店,愛知県,オープン,5,25,0000000031,選手31,リザードンex,700019,,"5 位	25pt	選手31
プレイヤーID：0000000031",2026-07-29T00:00:00Z
2022-10-13,シティリーグ2023 シーズン1 オープンリーグ,サンプルトレカ名古屋店,愛知県,オープン,6,25,0000000032,選手32,リザードンex,700019,,"6 位	25pt	選手32
プレイヤーID：0000000032",2026-07-29T00:00:00Z
2022-10-13,シティリーグ2023 シーズン1 オープンリーグ,サンプルトレカ名古屋店,愛知県,オープン,7,25,0000000040,選手40,リザードンex,700019,,"7 位	25pt	選手40
プレイヤーID：0000000040",2026-07-29T00:00:00Z
2022-10-13,シティリーグ2023 シーズン1 オープンリーグ,サンプルトレカ名古屋店,愛知県,オープン,8,25,0000000045,選手45,タケルライコex,700019,,"8 位	25pt	選手45
プレイヤーID：0000000045",2026-07-29T00:00:00Z
2023-03-13,シティリーグ2023 シーズン3 オープンリーグ,サンプルトレカ名古屋店,愛知県,オープン,1,100,0000000029,選手29,サーナイトex,700020,,"1 位	100pt	選手29
プレイヤーID：0000000029",2026-07-29T00:00:00Z
2023-03-13,シティリーグ2023 シーズン3 オープンリーグ,サンプルトレカ名古屋店,愛知県,オープン,2,75,0000000030,選手30,リザードンex,700020,,"2 位	75pt	選手30
プレイヤーID：0000000030",2026-07-29T00:00:00Z
2023-03-13,シティリーグ2023 シーズン3 オープンリーグ,サンプルトレカ名古屋店,愛知県,オープン,3,50,0000000032,選手32,リザードンex,700020,,"3 位	50pt	選手32
プレイヤーID：0000000032",2026-07-29T00:00:00Z
2023-03-13,シティリーグ2023 シーズン3 オープンリーグ,サンプルトレカ名古屋店,愛知県,オープン,4,50,0000000033,選手33,サーナイトex,700020,,"4 位	50pt	選手33
プレイヤーID：0000000033",2026-07-29T00:00:00Z
2023-03-13,シティリーグ2023 シーズン3 オープンリーグ,サンプルトレカ名古屋店,愛知県,オープン,5,25,0000000034,選手34,ドラパルトex,700020,,"5 位	25pt	選手34
プレイヤーID：0000000034",2026-07-29T00:00:00Z
2023-03-13,シティリーグ2023 シーズン3 オープンリーグ,サンプルトレカ名古屋店,愛知県,オープン,6,25,0000000038,選手38,タケルライコex,700020,,"6 位	25pt	選手38
プレイヤーID：0000000038",2026-07-29T00:00:00Z
2023-03-13,シティリーグ2023 シーズン3 オープンリーグ,サンプルトレカ名古屋店,愛知県,オープン,7,25,0000000039,選手39,サーナイトex,700020,,"7 位	25pt	選手39
プレイヤーID：0000000039",2026-07-29T00:00:00Z
2023-03-13,シティリーグ2023 シーズン3 オープンリーグ,サンプルトレカ名古屋店,愛知県,オープン,8,25,0000000054,選手54,サーナイトex,700020,,"8 位	25pt	選手54
プレイヤーID：0000000054",2026-07-29T00:00:00Z
2022-10-13,シティリーグ2023 シーズン1 オープンリーグ,サンプルカード福岡店,福岡県,オープン,1,100,0000000025,選手25,ドラパルトex,700021,,"1 位	100pt	選手25
プレイヤーID：0000000025",2026-07-29T00:00:00Z
2022-10-13,シティリーグ2023 シーズン1 オープンリーグ,サンプルカード福岡店,福岡県,オープン,2,75,0000000028,選手28,ドラパルトex,700021,,"2 位	75pt	選手28
プレイヤーID：0000000028",2026-07-29T00:00:00Z
2022-10-13,シティリーグ2023 シーズン1 オープンリーグ,サンプルカード福岡店,福岡県,オープン,3,50,0000000030,選手30,タケルライコex,700021,,"3 位	50pt	選手30
プレイヤーID：0000000030",2026-07-29T00:00:00Z
2022-10-13,シティリーグ2023 シーズン1 オープンリーグ,サンプルカード福岡店,福岡県,オープン,4,50,0000000032,選手32,サーナイトex,700021,,"4 位	50pt	選手32
プレイヤーID：0000000032",2026-07-29T00:00:00Z
2022-10-13,シティリーグ2023 シーズン1 オープンリーグ,サンプルカード福岡店,福岡県,オープン,5,25,0000000036,選手36,リザードンex,700021,,"5 位	25pt	選手36
プレイヤーID：0000000036",2026-07-29T00:00:00Z
2022-10-13,シティリーグ2023 シーズン1 オープンリーグ,サンプルカード福岡店,福岡県,オープン,6,25,0000000050,選手50,タケルライコex,700021,,"6 位	25pt	選手50
プレイヤーID：0000000050",2026-07-29T00:00:00Z
2022-10-13,シティリーグ2023 シーズン1 オープンリーグ,サンプルカード福岡店,福岡県,オープン,7,25,0000000051,選手51,サーナイトex,700021,,"7 位	25pt	選手51
プレイヤーID：0000000051",2026-07-29T00:00:00Z
2022-10-13,シティリーグ2023 シーズン1 オープンリーグ,サンプルカード福岡店,福岡県,オープン,8,25,0000000058,選手58,タケルライコex,700021,,"8 位	25pt	選手58
プレイヤーID：0000000058",2026-07-29T00:00:00Z
2023-03-13,シティリーグ2023 シーズン3 オープンリーグ,サンプルカード福岡店,福岡県,オープン,1,100,0000000027,選手27,タケルライコex,700022,,"1 位	100pt	選手27
プレイヤーID：0000000027",2026-07-29T00:00:00Z
2023-03-13,シティリーグ2023 シーズン3 オープンリーグ,サンプルカード福岡店,福岡県,オープン,2,75,0000000028,選手28,タケルライコex,700022,,"2 位	75pt	選手28
プレイヤーID：0000000028",2026-07-29T00:00:00Z
2023-03-13,シティリーグ2023 シーズン3 オープンリーグ,サンプルカード福岡店,福岡県,オープン,3,50,0000000030,選手30,リザードンex,700022,,"3 位	50pt	選手30
プレイヤーID：0000000030",2026-07-29T00:00:00Z
2023-03-13,シティリーグ2023 シーズン3 オープンリーグ,サンプルカード福岡店,福岡県,オープン,4,50,0000000035,選手35,リザードンex,700022,,"4 位	50pt	選手35
プレイヤーID：0000000035",2026-07-29T00:00:00Z
2023-03-13,シティリーグ2023 シーズン3 オープンリーグ,サンプルカード福岡店,福岡県,オープン,5,25,0000000036,選手36,リザードンex,700022,,"5 位	25pt	選手36
プレイヤーID：0000000036",2026-07-29T00:00:00Z
2023-03-13,シティリーグ2023 シーズン3 オープンリーグ,サンプルカード福岡店,福岡県,オープン,6,25,0000000039,選手39,リザードンex,700022,,"6 位	25pt	選手39
プレイヤーID：0000000039",2026-07-29T00:00:00Z
2023-03-13,シティリーグ2023 シーズン3 オープンリーグ,サンプルカード福岡店,福岡県,オープン,7,25,0000000043,選手43,ドラパルトex,700022,,"7 位	25pt	選手43
プレイヤーID：0000000043",2026-07-29T00:00:00Z
2023-03-13,シティリーグ2023 シーズン3 オープンリーグ,サンプルカード福岡店,福岡県,オープン,8,25,0000000051,選手51,リザードンex,700022,,"8 位	25pt	選手51
プレイヤーID：0000000051",2026-07-29T00:00:00Z
2022-10-14,シティリーグ2023 シーズン1 オープンリーグ,サンプルトレカ博多店,福岡県,オープン,1,100,0000000021,選手21,ドラパルトex,700023,,"1 位	100pt	選手21
プレイヤーID：0000000021",2026-07-29T00:00:00Z
2022-10-14,シティリーグ2023 シーズン1 オープンリーグ,サンプルトレカ博多店,福岡県,オープン,2,75,0000000022,選手22,サーナイトex,700023,,"2 位	75pt	選手22
プレイヤーID：0000000022",2026-07-29T00:00:00Z
2022-10-14,シティリーグ2023 シーズン1 オープンリーグ,サンプルトレカ博多店,福岡県,オープン,3,50,0000000026,選手26,リザードンex,700023,,"3 位	50pt	選手26
プレイヤーID：0000000026",2026-07-29T00:00:00Z
2022-10-14,シティリーグ2023 シーズン1 オープンリーグ,サンプルトレカ博多店,福岡県,オープン,4,50,0000000034,選手34,タケルライコex,700023,,"4 位	50pt	選手34
プレイヤーID：0000000034",2026-07-29T00:00:00Z
2022-10-14,シティリーグ2023 シーズン1 オープンリーグ,サンプルトレカ博多店,福岡県,オープン,5,25,0000000037,選手37,リザードンex,700023,,"5 位	25pt	選手37
プレイヤーID：0000000037",2026-07-29T00:00:00Z
2022-10-14,シティリーグ2023 シーズン1 オープンリーグ,サンプルトレカ博多店,福岡県,オープン,6,25,0000000042,選手42,タケルライコex,700023,,"6 位	25pt	選手42
プレイヤーID：0000000042",2026-07-29T00:00:00Z
2022-10-14,シティリーグ2023 シーズン1 オープンリーグ,サンプルトレカ博多店,福岡県,オープン,7,25,0000000044,選手44,リザードンex,700023,,"7 位	25pt	選手44
プレイヤーID：0000000044",2026-07-29T00:00:00Z
2022-10-14,シティリーグ2023 シーズン1 オープンリーグ,サンプルトレカ博多店,福岡県,オープン,8,25,0000000048,選手48,リザードンex,700023,,"8 位	25pt	選手48
プレイヤーID：0000000048",2026-07-29T00:00:00Z
2023-03-14,シティリーグ2023 シーズン3 オープンリーグ,サンプルトレカ博多店,福岡県,オープン,1,100,0000000029,選手29,リザードンex,700024,,"1 位	100pt	選手29
プレイヤーID：0000000029",2026-07-29T00:00:00Z
2023-03-14,シティリーグ2023 シーズン3 オープンリーグ,サンプルトレカ博多店,福岡県,オープン,2,75,0000000032,選手32,ドラパルトex,700024,,"2 位	75pt	選手32
プレイヤーID：0000000032",2026-07-29T00:00:00Z
2023-03-14,シティリーグ2023 シーズン3 オープンリーグ,サンプルトレカ博多店,福岡県,オープン,3,50,0000000036,選手36,リザードンex,700024,,"3 位	50pt	選手36
プレイヤーID：0000000036",2026-07-29T00:00:00Z
2023-03-14,シティリーグ2023 シーズン3 オープンリーグ,サンプルトレカ博多店,福岡県,オープン,4,50,0000000047,選手47,サーナイトex,700024,,"4 位	50pt	選手47
プレイヤーID：0000000047",2026-07-29T00:00:00Z
2023-03-14,シティリーグ2023 シーズン3 オープンリーグ,サンプルトレカ博多店,福岡県,オープン,5,25,0000000050,選手50,タケルライコex,700024,,"5 位	25pt	選手50
プレイヤーID：0000000050",2026-07-29T00:00:00Z
2023-03-14,シティリーグ2023 シーズン3 オープンリーグ,サンプルトレカ博多店,福岡県,オープン,6,25,0000000051,選手51,リザードンex,700024,,"6 位	25pt	選手51
プレイヤーID：0000000051",2026-07-29T00:00:00Z
2023-03-14,シティリーグ2023 シーズン3 オープンリーグ,サンプルトレカ博多店,福岡県,オープン,7,25,0000000053,選手53,リザードンex,700024,,"7 位	25pt	選手53
プレイヤーID：0000000053",2026-07-29T00:00:00Z
2023-03-14,シティリーグ2023 シーズン3 オープンリーグ,サンプルトレカ博多店,福岡県,オープン,8,25,0000000061,選手61,サーナイトex,700024,,"8 位	25pt	選手61
プレイヤーID：0000000061",2026-07-29T00:00:00Z
2023-10-08,シティリーグ2024 シーズン1 オープンリーグ,サンプルカード東京本店,東京都,オープン,1,100,0000000002,強豪B改,サーナイトex,700025,,"1 位	100pt	強豪B改
プレイヤーID：0000000002",2026-07-29T00:00:00Z
2023-10-08,シティリーグ2024 シーズン1 オープンリーグ,サンプルカード東京本店,東京都,オープン,2,75,0000000004,選手04,サーナイトex,700025,,"2 位	75pt	選手04
プレイヤーID：0000000004",2026-07-29T00:00:00Z
2023-10-08,シティリーグ2024 シーズン1 オープンリーグ,サンプルカード東京本店,東京都,オープン,3,50,0000000006,選手06,サーナイトex,700025,,"3 位	50pt	選手06
プレイヤーID：0000000006",2026-07-29T00:00:00Z
2023-10-08,シティリーグ2024 シーズン1 オープンリーグ,サンプルカード東京本店,東京都,オープン,4,50,0000000011,選手11,サーナイトex,700025,,"4 位	50pt	選手11
プレイヤーID：0000000011",2026-07-29T00:00:00Z
2023-10-08,シティリーグ2024 シーズン1 オープンリーグ,サンプルカード東京本店,東京都,オープン,5,25,0000000019,選手19,サーナイトex,700025,,"5 位	25pt	選手19
プレイヤーID：0000000019",2026-07-29T00:00:00Z
2023-10-08,シティリーグ2024 シーズン1 オープンリーグ,サンプルカード東京本店,東京都,オープン,6,25,0000000028,選手28,タケルライコex,700025,,"6 位	25pt	選手28
プレイヤーID：0000000028",2026-07-29T00:00:00Z
2023-10-08,シティリーグ2024 シーズン1 オープンリーグ,サンプルカード東京本店,東京都,オープン,7,25,0000000032,選手32,ドラパルトex,700025,,"7 位	25pt	選手32
プレイヤーID：0000000032",2026-07-29T00:00:00Z
2023-10-08,シティリーグ2024 シーズン1 オープンリーグ,サンプルカード東京本店,東京都,オープン,8,25,0000000041,選手41,サーナイトex,700025,,"8 位	25pt	選手41
プレイヤーID：0000000041",2026-07-29T00:00:00Z
2024-03-08,シティリーグ2024 シーズン3 オープンリーグ,サンプルカード東京本店,東京都,オープン,1,100,0000000001,トップA,タケルライコex,700026,,"1 位	100pt	トップA
プレイヤーID：0000000001",2026-07-29T00:00:00Z
2024-03-08,シティリーグ2024 シーズン3 オープンリーグ,サンプルカード東京本店,東京都,オープン,2,75,0000000002,強豪B改,リザードンex,700026,,"2 位	75pt	強豪B改
プレイヤーID：0000000002",2026-07-29T00:00:00Z
2024-03-08,シティリーグ2024 シーズン3 オープンリーグ,サンプルカード東京本店,東京都,オープン,3,50,0000000004,選手04,ドラパルトex,700026,,"3 位	50pt	選手04
プレイヤーID：0000000004",2026-07-29T00:00:00Z
2024-03-08,シティリーグ2024 シーズン3 オープンリーグ,サンプルカード東京本店,東京都,オープン,4,50,0000000007,選手07,タケルライコex,700026,,"4 位	50pt	選手07
プレイヤーID：0000000007",2026-07-29T00:00:00Z
2024-03-08,シティリーグ2024 シーズン3 オープンリーグ,サンプルカード東京本店,東京都,オープン,5,25,0000000009,選手09,ドラパルトex,700026,,"5 位	25pt	選手09
プレイヤーID：0000000009",2026-07-29T00:00:00Z
2024-03-08,シティリーグ2024 シーズン3 オープンリーグ,サンプルカード東京本店,東京都,オープン,6,25,0000000022,選手22,タケルライコex,700026,,"6 位	25pt	選手22
プレイヤーID：0000000022",2026-07-29T00:00:00Z
2024-03-08,シティリーグ2024 シーズン3 オープンリーグ,サンプルカード東京本店,東京都,オープン,7,25,0000000026,選手26,タケルライコex,700026,,"7 位	25pt	選手26
プレイヤーID：0000000026",2026-07-29T00:00:00Z
2024-03-08,シティリーグ2024 シーズン3 オープンリーグ,サンプルカード東京本店,東京都,オープン,8,25,0000000041,選手41,リザードンex,700026,,"8 位	25pt	選手41
プレイヤーID：0000000041",2026-07-29T00:00:00Z
2023-10-09,シティリーグ2024 シーズン1 オープンリーグ,サンプルカード池袋店,東京都,オープン,1,100,0000000002,強豪B改,タケルライコex,700027,,"1 位	100pt	強豪B改
プレイヤーID：0000000002",2026-07-29T00:00:00Z
2023-10-09,シティリーグ2024 シーズン1 オープンリーグ,サンプルカード池袋店,東京都,オープン,2,75,0000000009,選手09,リザードンex,700027,,"2 位	75pt	選手09
プレイヤーID：0000000009",2026-07-29T00:00:00Z
2023-10-09,シティリーグ2024 シーズン1 オープンリーグ,サンプルカード池袋店,東京都,オープン,3,50,0000000010,選手10,タケルライコex,700027,,"3 位	50pt	選手10
プレイヤーID：0000000010",2026-07-29T00:00:00Z
2023-10-09,シティリーグ2024 シーズン1 オープンリーグ,サンプルカード池袋店,東京都,オープン,4,50,0000000011,選手11,ドラパルトex,700027,,"4 位	50pt	選手11
プレイヤーID：0000000011",2026-07-29T00:00:00Z
2023-10-09,シティリーグ2024 シーズン1 オープンリーグ,サンプルカード池袋店,東京都,オープン,5,25,0000000013,選手13,タケルライコex,700027,,"5 位	25pt	選手13
プレイヤーID：0000000013",2026-07-29T00:00:00Z
2023-10-09,シティリーグ2024 シーズン1 オープンリーグ,サンプルカード池袋店,東京都,オープン,6,25,0000000020,選手20,サーナイトex,700027,,"6 位	25pt	選手20
プレイヤーID：0000000020",2026-07-29T00:00:00Z
2023-10-09,シティリーグ2024 シーズン1 オープンリーグ,サンプルカード池袋店,東京都,オープン,7,25,0000000035,選手35,リザードンex,700027,,"7 位	25pt	選手35
プレイヤーID：0000000035",2026-07-29T00:00:00Z
2023-10-09,シティリーグ2024 シーズン1 オープンリーグ,サンプルカード池袋店,東京都,オープン,8,25,0000000041,選手41,リザードンex,700027,,"8 位	25pt	選手41
プレイヤーID：0000000041",2026-07-29T00:00:00Z
2024-03-09,シティリーグ2024 シーズン3 オープンリーグ,サンプルカード池袋店,東京都,オープン,1,100,0000000002,強豪B改,タケルライコex,700028,,"1 位	100pt	強豪B改
プレイヤーID：0000000002",2026-07-29T00:00:00Z
2024-03-09,シティリーグ2024 シーズン3 オープンリーグ,サンプルカード池袋店,東京都,オープン,2,75,0000000006,選手06,ドラパルトex,700028,,"2 位	75pt	選手06
プレイヤーID：0000000006",2026-07-29T00:00:00Z
2024-03-09,シティリーグ2024 シーズン3 オープンリーグ,サンプルカード池袋店,東京都,オープン,3,50,0000000013,選手13,タケルライコex,700028,,"3 位	50pt	選手13
プレイヤーID：0000000013",2026-07-29T00:00:00Z
2024-03-09,シティリーグ2024 シーズン3 オープンリーグ,サンプルカード池袋店,東京都,オープン,4,50,0000000014,選手14,リザードンex,700028,,"4 位	50pt	選手14
プレイヤーID：0000000014",2026-07-29T00:00:00Z
2024-03-09,シティリーグ2024 シーズン3 オープンリーグ,サンプルカード池袋店,東京都,オープン,5,25,0000000015,選手15,サーナイトex,700028,,"5 位	25pt	選手15
プレイヤーID：0000000015",2026-07-29T00:00:00Z
2024-03-09,シティリーグ2024 シーズン3 オープンリーグ,サンプルカード池袋店,東京都,オープン,6,25,0000000025,選手25,サーナイトex,700028,,"6 位	25pt	選手25
プレイヤーID：0000000025",2026-07-29T00:00:00Z
2024-03-09,シティリーグ2024 シーズン3 オープンリーグ,サンプルカード池袋店,東京都,オープン,7,25,0000000028,選手28,タケルライコex,700028,,"7 位	25pt	選手28
プレイヤーID：0000000028",2026-07-29T00:00:00Z
2024-03-09,シティリーグ2024 シーズン3 オープンリーグ,サンプルカード池袋店,東京都,オープン,8,25,0000000038,選手38,サーナイトex,700028,,"8 位	25pt	選手38
プレイヤーID：0000000038",2026-07-29T00:00:00Z
2023-10-09,シティリーグ2024 シーズン1 オープンリーグ,サンプルトレカ千葉店,千葉県,オープン,1,100,0000000016,選手16,ドラパルトex,700029,,"1 位	100pt	選手16
プレイヤーID：0000000016",2026-07-29T00:00:00Z
2023-10-09,シティリーグ2024 シーズン1 オープンリーグ,サンプルトレカ千葉店,千葉県,オープン,2,75,0000000019,選手19,タケルライコex,700029,,"2 位	75pt	選手19
プレイヤーID：0000000019",2026-07-29T00:00:00Z
2023-10-09,シティリーグ2024 シーズン1 オープンリーグ,サンプルトレカ千葉店,千葉県,オープン,3,50,0000000022,選手22,タケルライコex,700029,,"3 位	50pt	選手22
プレイヤーID：0000000022",2026-07-29T00:00:00Z
2023-10-09,シティリーグ2024 シーズン1 オープンリーグ,サンプルトレカ千葉店,千葉県,オープン,4,50,0000000033,選手33,タケルライコex,700029,,"4 位	50pt	選手33
プレイヤーID：0000000033",2026-07-29T00:00:00Z
2023-10-09,シティリーグ2024 シーズン1 オープンリーグ,サンプルトレカ千葉店,千葉県,オープン,5,25,0000000037,選手37,ドラパルトex,700029,,"5 位	25pt	選手37
プレイヤーID：0000000037",2026-07-29T00:00:00Z
2023-10-09,シティリーグ2024 シーズン1 オープンリーグ,サンプルトレカ千葉店,千葉県,オープン,6,25,0000000040,選手40,タケルライコex,700029,,"6 位	25pt	選手40
プレイヤーID：0000000040",2026-07-29T00:00:00Z
2023-10-09,シティリーグ2024 シーズン1 オープンリーグ,サンプルトレカ千葉店,千葉県,オープン,7,25,0000000048,選手48,タケルライコex,700029,,"7 位	25pt	選手48
プレイヤーID：0000000048",2026-07-29T00:00:00Z
2023-10-09,シティリーグ2024 シーズン1 オープンリーグ,サンプルトレカ千葉店,千葉県,オープン,8,25,0000000050,選手50,サーナイトex,700029,,"8 位	25pt	選手50
プレイヤーID：0000000050",2026-07-29T00:00:00Z
2024-03-09,シティリーグ2024 シーズン3 オープンリーグ,サンプルトレカ千葉店,千葉県,オープン,1,100,0000000011,選手11,リザードンex,700030,,"1 位	100pt	選手11
プレイヤーID：0000000011",2026-07-29T00:00:00Z
2024-03-09,シティリーグ2024 シーズン3 オープンリーグ,サンプルトレカ千葉店,千葉県,オープン,2,75,0000000013,選手13,リザードンex,700030,,"2 位	75pt	選手13
プレイヤーID：0000000013",2026-07-29T00:00:00Z
2024-03-09,シティリーグ2024 シーズン3 オープンリーグ,サンプルトレカ千葉店,千葉県,オープン,3,50,0000000017,選手17,リザードンex,700030,,"3 位	50pt	選手17
プレイヤーID：0000000017",2026-07-29T00:00:00Z
2024-03-09,シティリーグ2024 シーズン3 オープンリーグ,サンプルトレカ千葉店,千葉県,オープン,4,50,0000000021,選手21,タケルライコex,700030,,"4 位	50pt	選手21
プレイヤーID：0000000021",2026-07-29T00:00:00Z
2024-03-09,シティリーグ2024 シーズン3 オープンリーグ,サンプルトレカ千葉店,千葉県,オープン,5,25,0000000023,選手23,リザードンex,700030,,"5 位	25pt	選手23
プレイヤーID：0000000023",2026-07-29T00:00:00Z
2024-03-09,シティリーグ2024 シーズン3 オープンリーグ,サンプルトレカ千葉店,千葉県,オープン,6,25,0000000035,選手35,タケルライコex,700030,,"6 位	25pt	選手35
プレイヤーID：0000000035",2026-07-29T00:00:00Z
2024-03-09,シティリーグ2024 シーズン3 オープンリーグ,サンプルトレカ千葉店,千葉県,オープン,7,25,0000000044,選手44,タケルライコex,700030,,"7 位	25pt	選手44
プレイヤーID：0000000044",2026-07-29T00:00:00Z
2024-03-09,シティリーグ2024 シーズン3 オープンリーグ,サンプルトレカ千葉店,千葉県,オープン,8,25,0000000048,選手48,サーナイトex,700030,,"8 位	25pt	選手48
プレイヤーID：0000000048",2026-07-29T00:00:00Z
2023-10-10,シティリーグ2024 シーズン1 オープンリーグ,サンプルバトル柏店,千葉県,オープン,1,100,0000000012,選手12,リザードンex,700031,,"1 位	100pt	選手12
プレイヤーID：0000000012",2026-07-29T00:00:00Z
2023-10-10,シティリーグ2024 シーズン1 オープンリーグ,サンプルバトル柏店,千葉県,オープン,2,75,0000000014,選手14,サーナイトex,700031,,"2 位	75pt	選手14
プレイヤーID：0000000014",2026-07-29T00:00:00Z
2023-10-10,シティリーグ2024 シーズン1 オープンリーグ,サンプルバトル柏店,千葉県,オープン,3,50,0000000022,選手22,タケルライコex,700031,,"3 位	50pt	選手22
プレイヤーID：0000000022",2026-07-29T00:00:00Z
2023-10-10,シティリーグ2024 シーズン1 オープンリーグ,サンプルバトル柏店,千葉県,オープン,4,50,0000000028,選手28,タケルライコex,700031,,"4 位	50pt	選手28
プレイヤーID：0000000028",2026-07-29T00:00:00Z
2023-10-10,シティリーグ2024 シーズン1 オープンリーグ,サンプルバトル柏店,千葉県,オープン,5,25,0000000034,選手34,リザードンex,700031,,"5 位	25pt	選手34
プレイヤーID：0000000034",2026-07-29T00:00:00Z
2023-10-10,シティリーグ2024 シーズン1 オープンリーグ,サンプルバトル柏店,千葉県,オープン,6,25,0000000036,選手36,リザードンex,700031,,"6 位	25pt	選手36
プレイヤーID：0000000036",2026-07-29T00:00:00Z
2023-10-10,シティリーグ2024 シーズン1 オープンリーグ,サンプルバトル柏店,千葉県,オープン,7,25,0000000046,選手46,ドラパルトex,700031,,"7 位	25pt	選手46
プレイヤーID：0000000046",2026-07-29T00:00:00Z
2023-10-10,シティリーグ2024 シーズン1 オープンリーグ,サンプルバトル柏店,千葉県,オープン,8,25,0000000047,選手47,リザードンex,700031,,"8 位	25pt	選手47
プレイヤーID：0000000047",2026-07-29T00:00:00Z
2024-03-10,シティリーグ2024 シーズン3 オープンリーグ,サンプルバトル柏店,千葉県,オープン,1,100,0000000016,選手16,サーナイトex,700032,,"1 位	100pt	選手16
プレイヤーID：0000000016",2026-07-29T00:00:00Z
2024-03-10,シティリーグ2024 シーズン3 オープンリーグ,サンプルバトル柏店,千葉県,オープン,2,75,0000000024,選手24,サーナイトex,700032,,"2 位	75pt	選手24
プレイヤーID：0000000024",2026-07-29T00:00:00Z
2024-03-10,シティリーグ2024 シーズン3 オープンリーグ,サンプルバトル柏店,千葉県,オープン,3,50,0000000025,選手25,タケルライコex,700032,,"3 位	50pt	選手25
プレイヤーID：0000000025",2026-07-29T00:00:00Z
2024-03-10,シティリーグ2024 シーズン3 オープンリーグ,サンプルバトル柏店,千葉県,オープン,4,50,0000000027,選手27,ドラパルトex,700032,,"4 位	50pt	選手27
プレイヤーID：0000000027",2026-07-29T00:00:00Z
2024-03-10,シティリーグ2024 シーズン3 オープンリーグ,サンプルバトル柏店,千葉県,オープン,5,25,0000000031,選手31,サーナイトex,700032,,"5 位	25pt	選手31
プレイヤーID：0000000031",2026-07-29T00:00:00Z
2024-03-10,シティリーグ2024 シーズン3 オープンリーグ,サンプルバトル柏店,千葉県,オープン,6,25,0000000034,選手34,ドラパルトex,700032,,"6 位	25pt	選手34
プレイヤーID：0000000034",2026-07-29T00:00:00Z
2024-03-10,シティリーグ2024 シーズン3 オープンリーグ,サンプルバトル柏店,千葉県,オープン,7,25,0000000038,選手38,リザードンex,700032,,"7 位	25pt	選手38
プレイヤーID：0000000038",2026-07-29T00:00:00Z
2024-03-10,シティリーグ2024 シーズン3 オープンリーグ,サンプルバトル柏店,千葉県,オープン,8,25,0000000043,選手43,リザードンex,700032,,"8 位	25pt	選手43
プレイヤーID：0000000043",2026-07-29T00:00:00Z
2023-10-10,シティリーグ2024 シーズン1 オープンリーグ,サンプルカード横浜店,神奈川県,オープン,1,100,0000000014,選手14,タケルライコex,700033,,"1 位	100pt	選手14
プレイヤーID：0000000014",2026-07-29T00:00:00Z
2023-10-10,シティリーグ2024 シーズン1 オープンリーグ,サンプルカード横浜店,神奈川県,オープン,2,75,0000000015,選手15,リザードンex,700033,,"2 位	75pt	選手15
プレイヤーID：0000000015",2026-07-29T00:00:00Z
2023-10-10,シティリーグ2024 シーズン1 オープンリーグ,サンプルカード横浜店,神奈川県,オープン,3,50,0000000024,選手24,ドラパルトex,700033,,"3 位	50pt	選手24
プレイヤーID：0000000024",2026-07-29T00:00:00Z
2023-10-10,シティリーグ2024 シーズン1 オープンリーグ,サンプルカード横浜店,神奈川県,オープン,4,50,0000000028,選手28,タケルライコex,700033,,"4 位	50pt	選手28
プレイヤーID：0000000028",2026-07-29T00:00:00Z
2023-10-10,シティリーグ2024 シーズン1 オープンリーグ,サンプルカード横浜店,神奈川県,オープン,5,25,0000000032,選手32,サーナイトex,700033,,"5 位	25pt	選手32
プレイヤーID：0000000032",2026-07-29T00:00:00Z
2023-10-10,シティリーグ2024 シーズン1 オープンリーグ,サンプルカード横浜店,神奈川県,オープン,6,25,0000000036,選手36,タケルライコex,700033,,"6 位	25pt	選手36
プレイヤーID：0000000036",2026-07-29T00:00:00Z
2023-10-10,シティリーグ2024 シーズン1 オープンリーグ,サンプルカード横浜店,神奈川県,オープン,7,25,0000000042,選手42,サーナイトex,700033,,"7 位	25pt	選手42
プレイヤーID：0000000042",2026-07-29T00:00:00Z
2023-10-10,シティリーグ2024 シーズン1 オープンリーグ,サンプルカード横浜店,神奈川県,オープン,8,25,0000000044,選手44,ドラパルトex,700033,,"8 位	25pt	選手44
プレイヤーID：0000000044",2026-07-29T00:00:00Z
2024-03-10,シティリーグ2024 シーズン3 オープンリーグ,サンプルカード横浜店,神奈川県,オープン,1,100,0000000012,選手12,リザードンex,700034,,"1 位	100pt	選手12
プレイヤーID：0000000012",2026-07-29T00:00:00Z
2024-03-10,シティリーグ2024 シーズン3 オープンリーグ,サンプルカード横浜店,神奈川県,オープン,2,75,0000000022,選手22,ドラパルトex,700034,,"2 位	75pt	選手22
プレイヤーID：0000000022",2026-07-29T00:00:00Z
2024-03-10,シティリーグ2024 シーズン3 オープンリーグ,サンプルカード横浜店,神奈川県,オープン,3,50,0000000026,選手26,タケルライコex,700034,,"3 位	50pt	選手26
プレイヤーID：0000000026",2026-07-29T00:00:00Z
2024-03-10,シティリーグ2024 シーズン3 オープンリーグ,サンプルカード横浜店,神奈川県,オープン,4,50,0000000031,選手31,タケルライコex,700034,,"4 位	50pt	選手31
プレイヤーID：0000000031",2026-07-29T00:00:00Z
2024-03-10,シティリーグ2024 シーズン3 オープンリーグ,サンプルカード横浜店,神奈川県,オープン,5,25,0000000033,選手33,リザードンex,700034,,"5 位	25pt	選手33
プレイヤーID：0000000033",2026-07-29T00:00:00Z
2024-03-10,シティリーグ2024 シーズン3 オープンリーグ,サンプルカード横浜店,神奈川県,オープン,6,25,0000000039,選手39,タケルライコex,700034,,"6 位	25pt	選手39
プレイヤーID：0000000039",2026-07-29T00:00:00Z
2024-03-10,シティリーグ2024 シーズン3 オープンリーグ,サンプルカード横浜店,神奈川県,オープン,7,25,0000000044,選手44,タケルライコex,700034,,"7 位	25pt	選手44
プレイヤーID：0000000044",2026-07-29T00:00:00Z
2024-03-10,シティリーグ2024 シーズン3 オープンリーグ,サンプルカード横浜店,神奈川県,オープン,8,25,0000000048,選手48,サーナイトex,700034,,"8 位	25pt	選手48
プレイヤーID：0000000048",2026-07-29T00:00:00Z
2023-10-11,シティリーグ2024 シーズン1 オープンリーグ,サンプルトレカ川崎店,神奈川県,オープン,1,100,0000000015,選手15,タケルライコex,700035,,"1 位	100pt	選手15
プレイヤーID：0000000015",2026-07-29T00:00:00Z
2023-10-11,シティリーグ2024 シーズン1 オープンリーグ,サンプルトレカ川崎店,神奈川県,オープン,2,75,0000000025,選手25,サーナイトex,700035,,"2 位	75pt	選手25
プレイヤーID：0000000025",2026-07-29T00:00:00Z
2023-10-11,シティリーグ2024 シーズン1 オープンリーグ,サンプルトレカ川崎店,神奈川県,オープン,3,50,0000000026,選手26,ドラパルトex,700035,,"3 位	50pt	選手26
プレイヤーID：0000000026",2026-07-29T00:00:00Z
2023-10-11,シティリーグ2024 シーズン1 オープンリーグ,サンプルトレカ川崎店,神奈川県,オープン,4,50,0000000032,選手32,サーナイトex,700035,,"4 位	50pt	選手32
プレイヤーID：0000000032",2026-07-29T00:00:00Z
2023-10-11,シティリーグ2024 シーズン1 オープンリーグ,サンプルトレカ川崎店,神奈川県,オープン,5,25,0000000037,選手37,サーナイトex,700035,,"5 位	25pt	選手37
プレイヤーID：0000000037",2026-07-29T00:00:00Z
2023-10-11,シティリーグ2024 シーズン1 オープンリーグ,サンプルトレカ川崎店,神奈川県,オープン,6,25,0000000039,選手39,タケルライコex,700035,,"6 位	25pt	選手39
プレイヤーID：0000000039",2026-07-29T00:00:00Z
2023-10-11,シティリーグ2024 シーズン1 オープンリーグ,サンプルトレカ川崎店,神奈川県,オープン,7,25,0000000041,選手41,リザードンex,700035,,"7 位	25pt	選手41
プレイヤーID：0000000041",2026-07-29T00:00:00Z
2023-10-11,シティリーグ2024 シーズン1 オープンリーグ,サンプルトレカ川崎店,神奈川県,オープン,8,25,0000000045,選手45,ドラパルトex,700035,,"8 位	25pt	選手45
プレイヤーID：0000000045",2026-07-29T00:00:00Z
2024-03-11,シティリーグ2024 シーズン3 オープンリーグ,サンプルトレカ川崎店,神奈川県,オープン,1,100,0000000015,選手15,ドラパルトex,700036,,"1 位	100pt	選手15
プレイヤーID：0000000015",2026-07-29T00:00:00Z
2024-03-11,シティリーグ2024 シーズン3 オープンリーグ,サンプルトレカ川崎店,神奈川県,オープン,2,75,0000000019,選手19,リザードンex,700036,,"2 位	75pt	選手19
プレイヤーID：0000000019",2026-07-29T00:00:00Z
2024-03-11,シティリーグ2024 シーズン3 オープンリーグ,サンプルトレカ川崎店,神奈川県,オープン,3,50,0000000020,選手20,リザードンex,700036,,"3 位	50pt	選手20
プレイヤーID：0000000020",2026-07-29T00:00:00Z
2024-03-11,シティリーグ2024 シーズン3 オープンリーグ,サンプルトレカ川崎店,神奈川県,オープン,4,50,0000000022,選手22,サーナイトex,700036,,"4 位	50pt	選手22
プレイヤーID：0000000022",2026-07-29T00:00:00Z
2024-03-11,シティリーグ2024 シーズン3 オープンリーグ,サンプルトレカ川崎店,神奈川県,オープン,5,25,0000000025,選手25,サーナイトex,700036,,"5 位	25pt	選手25
プレイヤーID：0000000025",2026-07-29T00:00:00Z
2024-03-11,シティリーグ2024 シーズン3 オープンリーグ,サンプルトレカ川崎店,神奈川県,オープン,6,25,0000000035,選手35,サーナイトex,700036,,"6 位	25pt	選手35
プレイヤーID：0000000035",2026-07-29T00:00:00Z
2024-03-11,シティリーグ2024 シーズン3 オープンリーグ,サンプルトレカ川崎店,神奈川県,オープン,7,25,0000000044,選手44,タケルライコex,700036,,"7 位	25pt	選手44
プレイヤーID：0000000044",2026-07-29T00:00:00Z
2024-03-11,シティリーグ2024 シーズン3 オープンリーグ,サンプルトレカ川崎店,神奈川県,オープン,8,25,0000000048,選手48,ドラパルトex,700036,,"8 位	25pt	選手48
プレイヤーID：0000000048",2026-07-29T00:00:00Z
2023-10-11,シティリーグ2024 シーズン1 オープンリーグ,サンプルカード大阪店,大阪府,オープン,1,100,0000000002,強豪B改,ドラパルトex,700037,,"1 位	100pt	強豪B改
プレイヤーID：0000000002",2026-07-29T00:00:00Z
2023-10-11,シティリーグ2024 シーズン1 オープンリーグ,サンプルカード大阪店,大阪府,オープン,2,75,0000000004,選手04,タケルライコex,700037,,"2 位	75pt	選手04
プレイヤーID：0000000004",2026-07-29T00:00:00Z
2023-10-11,シティリーグ2024 シーズン1 オープンリーグ,サンプルカード大阪店,大阪府,オープン,3,50,0000000009,選手09,サーナイトex,700037,,"3 位	50pt	選手09
プレイヤーID：0000000009",2026-07-29T00:00:00Z
2023-10-11,シティリーグ2024 シーズン1 オープンリーグ,サンプルカード大阪店,大阪府,オープン,4,50,0000000011,選手11,サーナイトex,700037,,"4 位	50pt	選手11
プレイヤーID：0000000011",2026-07-29T00:00:00Z
2023-10-11,シティリーグ2024 シーズン1 オープンリーグ,サンプルカード大阪店,大阪府,オープン,5,25,0000000013,選手13,サーナイトex,700037,,"5 位	25pt	選手13
プレイヤーID：0000000013",2026-07-29T00:00:00Z
2023-10-11,シティリーグ2024 シーズン1 オープンリーグ,サンプルカード大阪店,大阪府,オープン,6,25,0000000015,選手15,サーナイトex,700037,,"6 位	25pt	選手15
プレイヤーID：0000000015",2026-07-29T00:00:00Z
2023-10-11,シティリーグ2024 シーズン1 オープンリーグ,サンプルカード大阪店,大阪府,オープン,7,25,0000000024,選手24,リザードンex,700037,,"7 位	25pt	選手24
プレイヤーID：0000000024",2026-07-29T00:00:00Z
2023-10-11,シティリーグ2024 シーズン1 オープンリーグ,サンプルカード大阪店,大阪府,オープン,8,25,0000000037,選手37,サーナイトex,700037,,"8 位	25pt	選手37
プレイヤーID：0000000037",2026-07-29T00:00:00Z
2024-03-11,シティリーグ2024 シーズン3 オープンリーグ,サンプルカード大阪店,大阪府,オープン,1,100,0000000001,トップA,タケルライコex,700038,,"1 位	100pt	トップA
プレイヤーID：0000000001",2026-07-29T00:00:00Z
2024-03-11,シティリーグ2024 シーズン3 オープンリーグ,サンプルカード大阪店,大阪府,オープン,2,75,0000000002,強豪B改,リザードンex,700038,,"2 位	75pt	強豪B改
プレイヤーID：0000000002",2026-07-29T00:00:00Z
2024-03-11,シティリーグ2024 シーズン3 オープンリーグ,サンプルカード大阪店,大阪府,オープン,3,50,0000000008,選手08,ドラパルトex,700038,,"3 位	50pt	選手08
プレイヤーID：0000000008",2026-07-29T00:00:00Z
2024-03-11,シティリーグ2024 シーズン3 オープンリーグ,サンプルカード大阪店,大阪府,オープン,4,50,0000000015,選手15,ドラパルトex,700038,,"4 位	50pt	選手15
プレイヤーID：0000000015",2026-07-29T00:00:00Z
2024-03-11,シティリーグ2024 シーズン3 オープンリーグ,サンプルカード大阪店,大阪府,オープン,5,25,0000000018,選手18,タケルライコex,700038,,"5 位	25pt	選手18
プレイヤーID：0000000018",2026-07-29T00:00:00Z
2024-03-11,シティリーグ2024 シーズン3 オープンリーグ,サンプルカード大阪店,大阪府,オープン,6,25,0000000023,選手23,サーナイトex,700038,,"6 位	25pt	選手23
プレイヤーID：0000000023",2026-07-29T00:00:00Z
2024-03-11,シティリーグ2024 シーズン3 オープンリーグ,サンプルカード大阪店,大阪府,オープン,7,25,0000000031,選手31,サーナイトex,700038,,"7 位	25pt	選手31
プレイヤーID：0000000031",2026-07-29T00:00:00Z
2024-03-11,シティリーグ2024 シーズン3 オープンリーグ,サンプルカード大阪店,大阪府,オープン,8,25,0000000037,選手37,タケルライコex,700038,,"8 位	25pt	選手37
プレイヤーID：0000000037",2026-07-29T00:00:00Z
2023-10-12,シティリーグ2024 シーズン1 オープンリーグ,サンプルトレカ梅田店,大阪府,オープン,1,100,0000000009,選手09,タケルライコex,700039,,"1 位	100pt	選手09
プレイヤーID：0000000009",2026-07-29T00:00:00Z
2023-10-12,シティリーグ2024 シーズン1 オープンリーグ,サンプルトレカ梅田店,大阪府,オープン,2,75,0000000012,選手12,ドラパルトex,700039,,"2 位	75pt	選手12
プレイヤーID：0000000012",2026-07-29T00:00:00Z
2023-10-12,シティリーグ2024 シーズン1 オープンリーグ,サンプルトレカ梅田店,大阪府,オープン,3,50,0000000020,選手20,ドラパルトex,700039,,"3 位	50pt	選手20
プレイヤーID：0000000020",2026-07-29T00:00:00Z
2023-10-12,シティリーグ2024 シーズン1 オープンリーグ,サンプルトレカ梅田店,大阪府,オープン,4,50,0000000022,選手22,リザードンex,700039,,"4 位	50pt	選手22
プレイヤーID：0000000022",2026-07-29T00:00:00Z
2023-10-12,シティリーグ2024 シーズン1 オープンリーグ,サンプルトレカ梅田店,大阪府,オープン,5,25,0000000023,選手23,リザードンex,700039,,"5 位	25pt	選手23
プレイヤーID：0000000023",2026-07-29T00:00:00Z
2023-10-12,シティリーグ2024 シーズン1 オープンリーグ,サンプルトレカ梅田店,大阪府,オープン,6,25,0000000027,選手27,サーナイトex,700039,,"6 位	25pt	選手27
プレイヤーID：0000000027",2026-07-29T00:00:00Z
2023-10-12,シティリーグ2024 シーズン1 オープンリーグ,サンプルトレカ梅田店,大阪府,オープン,7,25,0000000037,選手37,サーナイトex,700039,,"7 位	25pt	選手37
プレイヤーID：0000000037",2026-07-29T00:00:00Z
2023-10-12,シティリーグ2024 シーズン1 オープンリーグ,サンプルトレカ梅田店,大阪府,オープン,8,25,0000000038,選手38,サーナイトex,700039,,"8 位	25pt	選手38
プレイヤーID：0000000038",2026-07-29T00:00:00Z
2024-03-12,シティリーグ2024 シーズン3 オープンリーグ,サンプルトレカ梅田店,大阪府,オープン,1,100,0000000001,トップA,サーナイトex,700040,,"1 位	100pt	トップA
プレイヤーID：0000000001",2026-07-29T00:00:00Z
2024-03-12,シティリーグ2024 シーズン3 オープンリーグ,サンプルトレカ梅田店,大阪府,オープン,2,75,0000000008,選手08,タケルライコex,700040,,"2 位	75pt	選手08
プレイヤーID：0000000008",2026-07-29T00:00:00Z
2024-03-12,シティリーグ2024 シーズン3 オープンリーグ,サンプルトレカ梅田店,大阪府,オープン,3,50,0000000011,選手11,タケルライコex,700040,,"3 位	50pt	選手11
プレイヤーID：0000000011",2026-07-29T00:00:00Z
2024-03-12,シティリーグ2024 シーズン3 オープンリーグ,サンプルトレカ梅田店,大阪府,オープン,4,50,0000000018,選手18,ドラパルトex,700040,,"4 位	50pt	選手18
プレイヤーID：0000000018",2026-07-29T00:00:00Z
2024-03-12,シティリーグ2024 シーズン3 オープンリーグ,サンプルトレカ梅田店,大阪府,オープン,5,25,0000000026,選手26,タケルライコex,700040,,"5 位	25pt	選手26
プレイヤーID：0000000026",2026-07-29T00:00:00Z
2024-03-12,シティリーグ2024 シーズン3 オープンリーグ,サンプルトレカ梅田店,大阪府,オープン,6,25,0000000027,選手27,リザードンex,700040,,"6 位	25pt	選手27
プレイヤーID：0000000027",2026-07-29T00:00:00Z
2024-03-12,シティリーグ2024 シーズン3 オープンリーグ,サンプルトレカ梅田店,大阪府,オープン,7,25,0000000028,選手28,ドラパルトex,700040,,"7 位	25pt	選手28
プレイヤーID：0000000028",2026-07-29T00:00:00Z
2024-03-12,シティリーグ2024 シーズン3 オープンリーグ,サンプルトレカ梅田店,大阪府,オープン,8,25,0000000035,選手35,サーナイトex,700040,,"8 位	25pt	選手35
プレイヤーID：0000000035",2026-07-29T00:00:00Z
2023-10-12,シティリーグ2024 シーズン1 オープンリーグ,サンプルカード愛知店,愛知県,オープン,1,100,0000000022,選手22,タケルライコex,700041,,"1 位	100pt	選手22
プレイヤーID：0000000022",2026-07-29T00:00:00Z
2023-10-12,シティリーグ2024 シーズン1 オープンリーグ,サンプルカード愛知店,愛知県,オープン,2,75,0000000027,選手27,サーナイトex,700041,,"2 位	75pt	選手27
プレイヤーID：0000000027",2026-07-29T00:00:00Z
2023-10-12,シティリーグ2024 シーズン1 オープンリーグ,サンプルカード愛知店,愛知県,オープン,3,50,0000000029,選手29,リザードンex,700041,,"3 位	50pt	選手29
プレイヤーID：0000000029",2026-07-29T00:00:00Z
2023-10-12,シティリーグ2024 シーズン1 オープンリーグ,サンプルカード愛知店,愛知県,オープン,4,50,0000000032,選手32,ドラパルトex,700041,,"4 位	50pt	選手32
プレイヤーID：0000000032",2026-07-29T00:00:00Z
2023-10-12,シティリーグ2024 シーズン1 オープンリーグ,サンプルカード愛知店,愛知県,オープン,5,25,0000000034,選手34,サーナイトex,700041,,"5 位	25pt	選手34
プレイヤーID：0000000034",2026-07-29T00:00:00Z
2023-10-12,シティリーグ2024 シーズン1 オープンリーグ,サンプルカード愛知店,愛知県,オープン,6,25,0000000036,選手36,タケルライコex,700041,,"6 位	25pt	選手36
プレイヤーID：0000000036",2026-07-29T00:00:00Z
2023-10-12,シティリーグ2024 シーズン1 オープンリーグ,サンプルカード愛知店,愛知県,オープン,7,25,0000000042,選手42,タケルライコex,700041,,"7 位	25pt	選手42
プレイヤーID：0000000042",2026-07-29T00:00:00Z
2023-10-12,シティリーグ2024 シーズン1 オープンリーグ,サンプルカード愛知店,愛知県,オープン,8,25,0000000061,選手61,リザードンex,700041,,"8 位	25pt	選手61
プレイヤーID：0000000061",2026-07-29T00:00:00Z
2024-03-12,シティリーグ2024 シーズン3 オープンリーグ,サンプルカード愛知店,愛知県,オープン,1,100,0000000032,選手32,サーナイトex,700042,,"1 位	100pt	選手32
プレイヤーID：0000000032",2026-07-29T00:00:00Z
2024-03-12,シティリーグ2024 シーズン3 オープンリーグ,サンプルカード愛知店,愛知県,オープン,2,75,0000000034,選手34,タケルライコex,700042,,"2 位	75pt	選手34
プレイヤーID：0000000034",2026-07-29T00:00:00Z
2024-03-12,シティリーグ2024 シーズン3 オープンリーグ,サンプルカード愛知店,愛知県,オープン,3,50,0000000039,選手39,ドラパルトex,700042,,"3 位	50pt	選手39
プレイヤーID：0000000039",2026-07-29T00:00:00Z
2024-03-12,シティリーグ2024 シーズン3 オープンリーグ,サンプルカード愛知店,愛知県,オープン,4,50,0000000041,選手41,ドラパルトex,700042,,"4 位	50pt	選手41
プレイヤーID：0000000041",2026-07-29T00:00:00Z
2024-03-12,シティリーグ2024 シーズン3 オープンリーグ,サンプルカード愛知店,愛知県,オープン,5,25,0000000045,選手45,ドラパルトex,700042,,"5 位	25pt	選手45
プレイヤーID：0000000045",2026-07-29T00:00:00Z
2024-03-12,シティリーグ2024 シーズン3 オープンリーグ,サンプルカード愛知店,愛知県,オープン,6,25,0000000047,選手47,ドラパルトex,700042,,"6 位	25pt	選手47
プレイヤーID：0000000047",2026-07-29T00:00:00Z
2024-03-12,シティリーグ2024 シーズン3 オープンリーグ,サンプルカード愛知店,愛知県,オープン,7,25,0000000048,選手48,リザードンex,700042,,"7 位	25pt	選手48
プレイヤーID：0000000048",2026-07-29T00:00:00Z
2024-03-12,シティリーグ2024 シーズン3 オープンリーグ,サンプルカード愛知店,愛知県,オープン,8,25,0000000049,選手49,リザードンex,700042,,"8 位	25pt	選手49
プレイヤーID：0000000049",2026-07-29T00:00:00Z
2023-10-13,シティリーグ2024 シーズン1 オープンリーグ,サンプルトレカ名古屋店,愛知県,オープン,1,100,0000000022,選手22,リザードンex,700043,,"1 位	100pt	選手22
プレイヤーID：0000000022",2026-07-29T00:00:00Z
2023-10-13,シティリーグ2024 シーズン1 オープンリーグ,サンプルトレカ名古屋店,愛知県,オープン,2,75,0000000025,選手25,リザードンex,700043,,"2 位	75pt	選手25
プレイヤーID：0000000025",2026-07-29T00:00:00Z
2023-10-13,シティリーグ2024 シーズン1 オープンリーグ,サンプルトレカ名古屋店,愛知県,オープン,3,50,0000000026,選手26,サーナイトex,700043,,"3 位	50pt	選手26
プレイヤーID：0000000026",2026-07-29T00:00:00Z
2023-10-13,シティリーグ2024 シーズン1 オープンリーグ,サンプルトレカ名古屋店,愛知県,オープン,4,50,0000000029,選手29,タケルライコex,700043,,"4 位	50pt	選手29
プレイヤーID：0000000029",2026-07-29T00:00:00Z
2023-10-13,シティリーグ2024 シーズン1 オープンリーグ,サンプルトレカ名古屋店,愛知県,オープン,5,25,0000000032,選手32,ドラパルトex,700043,,"5 位	25pt	選手32
プレイヤーID：0000000032",2026-07-29T00:00:00Z
2023-10-13,シティリーグ2024 シーズン1 オープンリーグ,サンプルトレカ名古屋店,愛知県,オープン,6,25,0000000035,選手35,タケルライコex,700043,,"6 位	25pt	選手35
プレイヤーID：0000000035",2026-07-29T00:00:00Z
2023-10-13,シティリーグ2024 シーズン1 オープンリーグ,サンプルトレカ名古屋店,愛知県,オープン,7,25,0000000046,選手46,リザードンex,700043,,"7 位	25pt	選手46
プレイヤーID：0000000046",2026-07-29T00:00:00Z
2023-10-13,シティリーグ2024 シーズン1 オープンリーグ,サンプルトレカ名古屋店,愛知県,オープン,8,25,0000000051,選手51,タケルライコex,700043,,"8 位	25pt	選手51
プレイヤーID：0000000051",2026-07-29T00:00:00Z
2024-03-13,シティリーグ2024 シーズン3 オープンリーグ,サンプルトレカ名古屋店,愛知県,オープン,1,100,0000000024,選手24,リザードンex,700044,,"1 位	100pt	選手24
プレイヤーID：0000000024",2026-07-29T00:00:00Z
2024-03-13,シティリーグ2024 シーズン3 オープンリーグ,サンプルトレカ名古屋店,愛知県,オープン,2,75,0000000031,選手31,ドラパルトex,700044,,"2 位	75pt	選手31
プレイヤーID：0000000031",2026-07-29T00:00:00Z
2024-03-13,シティリーグ2024 シーズン3 オープンリーグ,サンプルトレカ名古屋店,愛知県,オープン,3,50,0000000032,選手32,ドラパルトex,700044,,"3 位	50pt	選手32
プレイヤーID：0000000032",2026-07-29T00:00:00Z
2024-03-13,シティリーグ2024 シーズン3 オープンリーグ,サンプルトレカ名古屋店,愛知県,オープン,4,50,0000000036,選手36,リザードンex,700044,,"4 位	50pt	選手36
プレイヤーID：0000000036",2026-07-29T00:00:00Z
2024-03-13,シティリーグ2024 シーズン3 オープンリーグ,サンプルトレカ名古屋店,愛知県,オープン,5,25,0000000042,選手42,タケルライコex,700044,,"5 位	25pt	選手42
プレイヤーID：0000000042",2026-07-29T00:00:00Z
2024-03-13,シティリーグ2024 シーズン3 オープンリーグ,サンプルトレカ名古屋店,愛知県,オープン,6,25,0000000045,選手45,サーナイトex,700044,,"6 位	25pt	選手45
プレイヤーID：0000000045",2026-07-29T00:00:00Z
2024-03-13,シティリーグ2024 シーズン3 オープンリーグ,サンプルトレカ名古屋店,愛知県,オープン,7,25,0000000051,選手51,リザードンex,700044,,"7 位	25pt	選手51
プレイヤーID：0000000051",2026-07-29T00:00:00Z
2024-03-13,シティリーグ2024 シーズン3 オープンリーグ,サンプルトレカ名古屋店,愛知県,オープン,8,25,0000000053,選手53,タケルライコex,700044,,"8 位	25pt	選手53
プレイヤーID：0000000053",2026-07-29T00:00:00Z
2023-10-13,シティリーグ2024 シーズン1 オープンリーグ,サンプルカード福岡店,福岡県,オープン,1,100,0000000024,選手24,サーナイトex,700045,,"1 位	100pt	選手24
プレイヤーID：0000000024",2026-07-29T00:00:00Z
2023-10-13,シティリーグ2024 シーズン1 オープンリーグ,サンプルカード福岡店,福岡県,オープン,2,75,0000000028,選手28,タケルライコex,700045,,"2 位	75pt	選手28
プレイヤーID：0000000028",2026-07-29T00:00:00Z
2023-10-13,シティリーグ2024 シーズン1 オープンリーグ,サンプルカード福岡店,福岡県,オープン,3,50,0000000036,選手36,リザードンex,700045,,"3 位	50pt	選手36
プレイヤーID：0000000036",2026-07-29T00:00:00Z
2023-10-13,シティリーグ2024 シーズン1 オープンリーグ,サンプルカード福岡店,福岡県,オープン,4,50,0000000038,選手38,ドラパルトex,700045,,"4 位	50pt	選手38
プレイヤーID：0000000038",2026-07-29T00:00:00Z
2023-10-13,シティリーグ2024 シーズン1 オープンリーグ,サンプルカード福岡店,福岡県,オープン,5,25,0000000039,選手39,ドラパルトex,700045,,"5 位	25pt	選手39
プレイヤーID：0000000039",2026-07-29T00:00:00Z
2023-10-13,シティリーグ2024 シーズン1 オープンリーグ,サンプルカード福岡店,福岡県,オープン,6,25,0000000041,選手41,リザードンex,700045,,"6 位	25pt	選手41
プレイヤーID：0000000041",2026-07-29T00:00:00Z
2023-10-13,シティリーグ2024 シーズン1 オープンリーグ,サンプルカード福岡店,福岡県,オープン,7,25,0000000047,選手47,タケルライコex,700045,,"7 位	25pt	選手47
プレイヤーID：0000000047",2026-07-29T00:00:00Z
2023-10-13,シティリーグ2024 シーズン1 オープンリーグ,サンプルカード福岡店,福岡県,オープン,8,25,0000000054,選手54,リザードンex,700045,,"8 位	25pt	選手54
プレイヤーID：0000000054",2026-07-29T00:00:00Z
2024-03-13,シティリーグ2024 シーズン3 オープンリーグ,サンプルカード福岡店,福岡県,オープン,1,100,0000000023,選手23,リザードンex,700046,,"1 位	100pt	選手23
プレイヤーID：0000000023",2026-07-29T00:00:00Z
2024-03-13,シティリーグ2024 シーズン3 オープンリーグ,サンプルカード福岡店,福岡県,オープン,2,75,0000000025,選手25,サーナイトex,700046,,"2 位	75pt	選手25
プレイヤーID：0000000025",2026-07-29T00:00:00Z
2024-03-13,シティリーグ2024 シーズン3 オープンリーグ,サンプルカード福岡店,福岡県,オープン,3,50,0000000029,選手29,タケルライコex,700046,,"3 位	50pt	選手29
プレイヤーID：0000000029",2026-07-29T00:00:00Z
2024-03-13,シティリーグ2024 シーズン3 オープンリーグ,サンプルカード福岡店,福岡県,オープン,4,50,0000000030,選手30,ドラパルトex,700046,,"4 位	50pt	選手30
プレイヤーID：0000000030",2026-07-29T00:00:00Z
2024-03-13,シティリーグ2024 シーズン3 オープンリーグ,サンプルカード福岡店,福岡県,オープン,5,25,0000000035,選手35,サーナイトex,700046,,"5 位	25pt	選手35
プレイヤーID：0000000035",2026-07-29T00:00:00Z
2024-03-13,シティリーグ2024 シーズン3 オープンリーグ,サンプルカード福岡店,福岡県,オープン,6,25,0000000041,選手41,ドラパルトex,700046,,"6 位	25pt	選手41
プレイヤーID：0000000041",2026-07-29T00:00:00Z
2024-03-13,シティリーグ2024 シーズン3 オープンリーグ,サンプルカード福岡店,福岡県,オープン,7,25,0000000045,選手45,タケルライコex,700046,,"7 位	25pt	選手45
プレイヤーID：0000000045",2026-07-29T00:00:00Z
2024-03-13,シティリーグ2024 シーズン3 オープンリーグ,サンプルカード福岡店,福岡県,オープン,8,25,0000000049,選手49,ドラパルトex,700046,,"8 位	25pt	選手49
プレイヤーID：0000000049",2026-07-29T00:00:00Z
2023-10-14,シティリーグ2024 シーズン1 オープンリーグ,サンプルトレカ博多店,福岡県,オープン,1,100,0000000022,選手22,リザードンex,700047,,"1 位	100pt	選手22
プレイヤーID：0000000022",2026-07-29T00:00:00Z
2023-10-14,シティリーグ2024 シーズン1 オープンリーグ,サンプルトレカ博多店,福岡県,オープン,2,75,0000000025,選手25,タケルライコex,700047,,"2 位	75pt	選手25
プレイヤーID：0000000025",2026-07-29T00:00:00Z
2023-10-14,シティリーグ2024 シーズン1 オープンリーグ,サンプルトレカ博多店,福岡県,オープン,3,50,0000000031,選手31,ドラパルトex,700047,,"3 位	50pt	選手31
プレイヤーID：0000000031",2026-07-29T00:00:00Z
2023-10-14,シティリーグ2024 シーズン1 オープンリーグ,サンプルトレカ博多店,福岡県,オープン,4,50,0000000033,選手33,リザードンex,700047,,"4 位	50pt	選手33
プレイヤーID：0000000033",2026-07-29T00:00:00Z
2023-10-14,シティリーグ2024 シーズン1 オープンリーグ,サンプルトレカ博多店,福岡県,オープン,5,25,0000000036,選手36,リザードンex,700047,,"5 位	25pt	選手36
プレイヤーID：0000000036",2026-07-29T00:00:00Z
2023-10-14,シティリーグ2024 シーズン1 オープンリーグ,サンプルトレカ博多店,福岡県,オープン,6,25,0000000043,選手43,サーナイトex,700047,,"6 位	25pt	選手43
プレイヤーID：0000000043",2026-07-29T00:00:00Z
2023-10-14,シティリーグ2024 シーズン1 オープンリーグ,サンプルトレカ博多店,福岡県,オープン,7,25,0000000054,選手54,サーナイトex,700047,,"7 位	25pt	選手54
プレイヤーID：0000000054",2026-07-29T00:00:00Z
2023-10-14,シティリーグ2024 シーズン1 オープンリーグ,サンプルトレカ博多店,福岡県,オープン,8,25,0000000057,選手57,リザードンex,700047,,"8 位	25pt	選手57
プレイヤーID：0000000057",2026-07-29T00:00:00Z
2024-03-14,シティリーグ2024 シーズン3 オープンリーグ,サンプルトレカ博多店,福岡県,オープン,1,100,0000000021,選手21,タケルライコex,700048,,"1 位	100pt	選手21
プレイヤーID：0000000021",2026-07-29T00:00:00Z
2024-03-14,シティリーグ2024 シーズン3 オープンリーグ,サンプルトレカ博多店,福岡県,オープン,2,75,0000000024,選手24,ドラパルトex,700048,,"2 位	75pt	選手24
プレイヤーID：0000000024",2026-07-29T00:00:00Z
2024-03-14,シティリーグ2024 シーズン3 オープンリーグ,サンプルトレカ博多店,福岡県,オープン,3,50,0000000031,選手31,ドラパルトex,700048,,"3 位	50pt	選手31
プレイヤーID：0000000031",2026-07-29T00:00:00Z
2024-03-14,シティリーグ2024 シーズン3 オープンリーグ,サンプルトレカ博多店,福岡県,オープン,4,50,0000000035,選手35,リザードンex,700048,,"4 位	50pt	選手35
プレイヤーID：0000000035",2026-07-29T00:00:00Z
2024-03-14,シティリーグ2024 シーズン3 オープンリーグ,サンプルトレカ博多店,福岡県,オープン,5,25,0000000041,選手41,タケルライコex,700048,,"5 位	25pt	選手41
プレイヤーID：0000000041",2026-07-29T00:00:00Z
2024-03-14,シティリーグ2024 シーズン3 オープンリーグ,サンプルトレカ博多店,福岡県,オープン,6,25,0000000049,選手49,サーナイトex,700048,,"6 位	25pt	選手49
プレイヤーID：0000000049",2026-07-29T00:00:00Z
2024-03-14,シティリーグ2024 シーズン3 オープンリーグ,サンプルトレカ博多店,福岡県,オープン,7,25,0000000050,選手50,サーナイトex,700048,,"7 位	25pt	選手50
プレイヤーID：0000000050",2026-07-29T00:00:00Z
2024-03-14,シティリーグ2024 シーズン3 オープンリーグ,サンプルトレカ博多店,福岡県,オープン,8,25,0000000061,選手61,サーナイトex,700048,,"8 位	25pt	選手61
プレイヤーID：0000000061",2026-07-29T00:00:00Z
2024-10-08,シティリーグ2025 シーズン1 オープンリーグ,サンプルカード東京本店,東京都,オープン,1,100,0000000001,Top-A,タケルライコex,700049,,"1 位	100pt	Top-A
プレイヤーID：0000000001",2026-07-29T00:00:00Z
2024-10-08,シティリーグ2025 シーズン1 オープンリーグ,サンプルカード東京本店,東京都,オープン,2,75,0000000008,選手08,リザードンex,700049,,"2 位	75pt	選手08
プレイヤーID：0000000008",2026-07-29T00:00:00Z
2024-10-08,シティリーグ2025 シーズン1 オープンリーグ,サンプルカード東京本店,東京都,オープン,3,50,0000000009,選手09,ドラパルトex,700049,,"3 位	50pt	選手09
プレイヤーID：0000000009",2026-07-29T00:00:00Z
2024-10-08,シティリーグ2025 シーズン1 オープンリーグ,サンプルカード東京本店,東京都,オープン,4,50,0000000010,Ten,リザードンex,700049,,"4 位	50pt	Ten
プレイヤーID：0000000010",2026-07-29T00:00:00Z
2024-10-08,シティリーグ2025 シーズン1 オープンリーグ,サンプルカード東京本店,東京都,オープン,5,25,0000000017,選手17,リザードンex,700049,,"5 位	25pt	選手17
プレイヤーID：0000000017",2026-07-29T00:00:00Z
2024-10-08,シティリーグ2025 シーズン1 オープンリーグ,サンプルカード東京本店,東京都,オープン,6,25,0000000021,選手21,サーナイトex,700049,,"6 位	25pt	選手21
プレイヤーID：0000000021",2026-07-29T00:00:00Z
2024-10-08,シティリーグ2025 シーズン1 オープンリーグ,サンプルカード東京本店,東京都,オープン,7,25,0000000028,選手28,リザードンex,700049,,"7 位	25pt	選手28
プレイヤーID：0000000028",2026-07-29T00:00:00Z
2024-10-08,シティリーグ2025 シーズン1 オープンリーグ,サンプルカード東京本店,東京都,オープン,8,25,0000000040,選手40,リザードンex,700049,,"8 位	25pt	選手40
プレイヤーID：0000000040",2026-07-29T00:00:00Z
2025-03-08,シティリーグ2025 シーズン3 オープンリーグ,サンプルカード東京本店,東京都,オープン,1,100,0000000003,選手03,サーナイトex,700050,,"1 位	100pt	選手03
プレイヤーID：0000000003",2026-07-29T00:00:00Z
2025-03-08,シティリーグ2025 シーズン3 オープンリーグ,サンプルカード東京本店,東京都,オープン,2,75,0000000004,選手04,タケルライコex,700050,,"2 位	75pt	選手04
プレイヤーID：0000000004",2026-07-29T00:00:00Z
2025-03-08,シティリーグ2025 シーズン3 オープンリーグ,サンプルカード東京本店,東京都,オープン,3,50,0000000009,選手09,リザードンex,700050,,"3 位	50pt	選手09
プレイヤーID：0000000009",2026-07-29T00:00:00Z
2025-03-08,シティリーグ2025 シーズン3 オープンリーグ,サンプルカード東京本店,東京都,オープン,4,50,0000000020,選手20,タケルライコex,700050,,"4 位	50pt	選手20
プレイヤーID：0000000020",2026-07-29T00:00:00Z
2025-03-08,シティリーグ2025 シーズン3 オープンリーグ,サンプルカード東京本店,東京都,オープン,5,25,0000000028,選手28,リザードンex,700050,,"5 位	25pt	選手28
プレイヤーID：0000000028",2026-07-29T00:00:00Z
2025-03-08,シティリーグ2025 シーズン3 オープンリーグ,サンプルカード東京本店,東京都,オープン,6,25,0000000032,選手32,リザードンex,700050,,"6 位	25pt	選手32
プレイヤーID：0000000032",2026-07-29T00:00:00Z
2025-03-08,シティリーグ2025 シーズン3 オープンリーグ,サンプルカード東京本店,東京都,オープン,7,25,0000000034,選手34,リザードンex,700050,,"7 位	25pt	選手34
プレイヤーID：0000000034",2026-07-29T00:00:00Z
2025-03-08,シティリーグ2025 シーズン3 オープンリーグ,サンプルカード東京本店,東京都,オープン,8,25,0000000040,選手40,リザードンex,700050,,"8 位	25pt	選手40
プレイヤーID：0000000040",2026-07-29T00:00:00Z
2024-10-09,シティリーグ2025 シーズン1 オープンリーグ,サンプルカード池袋店,東京都,オープン,1,100,0000000001,Top-A,ドラパルトex,700051,,"1 位	100pt	Top-A
プレイヤーID：0000000001",2026-07-29T00:00:00Z
2024-10-09,シティリーグ2025 シーズン1 オープンリーグ,サンプルカード池袋店,東京都,オープン,2,75,0000000002,強豪B改,ドラパルトex,700051,,"2 位	75pt	強豪B改
プレイヤーID：0000000002",2026-07-29T00:00:00Z
2024-10-09,シティリーグ2025 シーズン1 オープンリーグ,サンプルカード池袋店,東京都,オープン,3,50,0000000006,選手06,ドラパルトex,700051,,"3 位	50pt	選手06
プレイヤーID：0000000006",2026-07-29T00:00:00Z
2024-10-09,シティリーグ2025 シーズン1 オープンリーグ,サンプルカード池袋店,東京都,オープン,4,50,0000000013,選手13,サーナイトex,700051,,"4 位	50pt	選手13
プレイヤーID：0000000013",2026-07-29T00:00:00Z
2024-10-09,シティリーグ2025 シーズン1 オープンリーグ,サンプルカード池袋店,東京都,オープン,5,25,0000000016,選手16,ドラパルトex,700051,,"5 位	25pt	選手16
プレイヤーID：0000000016",2026-07-29T00:00:00Z
2024-10-09,シティリーグ2025 シーズン1 オープンリーグ,サンプルカード池袋店,東京都,オープン,6,25,0000000028,選手28,リザードンex,700051,,"6 位	25pt	選手28
プレイヤーID：0000000028",2026-07-29T00:00:00Z
2024-10-09,シティリーグ2025 シーズン1 オープンリーグ,サンプルカード池袋店,東京都,オープン,7,25,0000000032,選手32,タケルライコex,700051,,"7 位	25pt	選手32
プレイヤーID：0000000032",2026-07-29T00:00:00Z
2024-10-09,シティリーグ2025 シーズン1 オープンリーグ,サンプルカード池袋店,東京都,オープン,8,25,0000000033,選手33,サーナイトex,700051,,"8 位	25pt	選手33
プレイヤーID：0000000033",2026-07-29T00:00:00Z
2025-03-09,シティリーグ2025 シーズン3 オープンリーグ,サンプルカード池袋店,東京都,オープン,1,100,0000000003,選手03,リザードンex,700052,,"1 位	100pt	選手03
プレイヤーID：0000000003",2026-07-29T00:00:00Z
2025-03-09,シティリーグ2025 シーズン3 オープンリーグ,サンプルカード池袋店,東京都,オープン,2,75,0000000004,選手04,タケルライコex,700052,,"2 位	75pt	選手04
プレイヤーID：0000000004",2026-07-29T00:00:00Z
2025-03-09,シティリーグ2025 シーズン3 オープンリーグ,サンプルカード池袋店,東京都,オープン,3,50,0000000009,選手09,タケルライコex,700052,,"3 位	50pt	選手09
プレイヤーID：0000000009",2026-07-29T00:00:00Z
2025-03-09,シティリーグ2025 シーズン3 オープンリーグ,サンプルカード池袋店,東京都,オープン,4,50,0000000013,選手13,タケルライコex,700052,,"4 位	50pt	選手13
プレイヤーID：0000000013",2026-07-29T00:00:00Z
2025-03-09,シティリーグ2025 シーズン3 オープンリーグ,サンプルカード池袋店,東京都,オープン,5,25,0000000021,選手21,リザードンex,700052,,"5 位	25pt	選手21
プレイヤーID：0000000021",2026-07-29T00:00:00Z
2025-03-09,シティリーグ2025 シーズン3 オープンリーグ,サンプルカード池袋店,東京都,オープン,6,25,0000000022,選手22,リザードンex,700052,,"6 位	25pt	選手22
プレイヤーID：0000000022",2026-07-29T00:00:00Z
2025-03-09,シティリーグ2025 シーズン3 オープンリーグ,サンプルカード池袋店,東京都,オープン,7,25,0000000026,選手26,サーナイトex,700052,,"7 位	25pt	選手26
プレイヤーID：0000000026",2026-07-29T00:00:00Z
2025-03-09,シティリーグ2025 シーズン3 オープンリーグ,サンプルカード池袋店,東京都,オープン,8,25,0000000040,選手40,ドラパルトex,700052,,"8 位	25pt	選手40
プレイヤーID：0000000040",2026-07-29T00:00:00Z
2024-10-09,シティリーグ2025 シーズン1 オープンリーグ,サンプルトレカ千葉店,千葉県,オープン,1,100,0000000011,選手11,ドラパルトex,700053,,"1 位	100pt	選手11
プレイヤーID：0000000011",2026-07-29T00:00:00Z
2024-10-09,シティリーグ2025 シーズン1 オープンリーグ,サンプルトレカ千葉店,千葉県,オープン,2,75,0000000015,選手15,リザードンex,700053,,"2 位	75pt	選手15
プレイヤーID：0000000015",2026-07-29T00:00:00Z
2024-10-09,シティリーグ2025 シーズン1 オープンリーグ,サンプルトレカ千葉店,千葉県,オープン,3,50,0000000023,選手23,ドラパルトex,700053,,"3 位	50pt	選手23
プレイヤーID：0000000023",2026-07-29T00:00:00Z
2024-10-09,シティリーグ2025 シーズン1 オープンリーグ,サンプルトレカ千葉店,千葉県,オープン,4,50,0000000025,選手25,ドラパルトex,700053,,"4 位	50pt	選手25
プレイヤーID：0000000025",2026-07-29T00:00:00Z
2024-10-09,シティリーグ2025 シーズン1 オープンリーグ,サンプルトレカ千葉店,千葉県,オープン,5,25,0000000033,選手33,リザードンex,700053,,"5 位	25pt	選手33
プレイヤーID：0000000033",2026-07-29T00:00:00Z
2024-10-09,シティリーグ2025 シーズン1 オープンリーグ,サンプルトレカ千葉店,千葉県,オープン,6,25,0000000038,選手38,サーナイトex,700053,,"6 位	25pt	選手38
プレイヤーID：0000000038",2026-07-29T00:00:00Z
2024-10-09,シティリーグ2025 シーズン1 オープンリーグ,サンプルトレカ千葉店,千葉県,オープン,7,25,0000000042,選手42,タケルライコex,700053,,"7 位	25pt	選手42
プレイヤーID：0000000042",2026-07-29T00:00:00Z
2024-10-09,シティリーグ2025 シーズン1 オープンリーグ,サンプルトレカ千葉店,千葉県,オープン,8,25,0000000048,選手48,リザードンex,700053,,"8 位	25pt	選手48
プレイヤーID：0000000048",2026-07-29T00:00:00Z
2025-03-09,シティリーグ2025 シーズン3 オープンリーグ,サンプルトレカ千葉店,千葉県,オープン,1,100,0000000011,選手11,ドラパルトex,700054,,"1 位	100pt	選手11
プレイヤーID：0000000011",2026-07-29T00:00:00Z
2025-03-09,シティリーグ2025 シーズン3 オープンリーグ,サンプルトレカ千葉店,千葉県,オープン,2,75,0000000022,選手22,リザードンex,700054,,"2 位	75pt	選手22
プレイヤーID：0000000022",2026-07-29T00:00:00Z
2025-03-09,シティリーグ2025 シーズン3 オープンリーグ,サンプルトレカ千葉店,千葉県,オープン,3,50,0000000023,選手23,リザードンex,700054,,"3 位	50pt	選手23
プレイヤーID：0000000023",2026-07-29T00:00:00Z
2025-03-09,シティリーグ2025 シーズン3 オープンリーグ,サンプルトレカ千葉店,千葉県,オープン,4,50,0000000029,選手29,タケルライコex,700054,,"4 位	50pt	選手29
プレイヤーID：0000000029",2026-07-29T00:00:00Z
2025-03-09,シティリーグ2025 シーズン3 オープンリーグ,サンプルトレカ千葉店,千葉県,オープン,5,25,0000000034,選手34,サーナイトex,700054,,"5 位	25pt	選手34
プレイヤーID：0000000034",2026-07-29T00:00:00Z
2025-03-09,シティリーグ2025 シーズン3 オープンリーグ,サンプルトレカ千葉店,千葉県,オープン,6,25,0000000035,選手35,リザードンex,700054,,"6 位	25pt	選手35
プレイヤーID：0000000035",2026-07-29T00:00:00Z
2025-03-09,シティリーグ2025 シーズン3 オープンリーグ,サンプルトレカ千葉店,千葉県,オープン,7,25,0000000036,選手36,ドラパルトex,700054,,"7 位	25pt	選手36
プレイヤーID：0000000036",2026-07-29T00:00:00Z
2025-03-09,シティリーグ2025 シーズン3 オープンリーグ,サンプルトレカ千葉店,千葉県,オープン,8,25,0000000037,選手37,サーナイトex,700054,,"8 位	25pt	選手37
プレイヤーID：0000000037",2026-07-29T00:00:00Z
2024-10-10,シティリーグ2025 シーズン1 オープンリーグ,サンプルバトル柏店,千葉県,オープン,1,100,0000000012,選手12,タケルライコex,700055,,"1 位	100pt	選手12
プレイヤーID：0000000012",2026-07-29T00:00:00Z
2024-10-10,シティリーグ2025 シーズン1 オープンリーグ,サンプルバトル柏店,千葉県,オープン,2,75,0000000014,選手14,リザードンex,700055,,"2 位	75pt	選手14
プレイヤーID：0000000014",2026-07-29T00:00:00Z
2024-10-10,シティリーグ2025 シーズン1 オープンリーグ,サンプルバトル柏店,千葉県,オープン,3,50,0000000022,選手22,タケルライコex,700055,,"3 位	50pt	選手22
プレイヤーID：0000000022",2026-07-29T00:00:00Z
2024-10-10,シティリーグ2025 シーズン1 オープンリーグ,サンプルバトル柏店,千葉県,オープン,4,50,0000000027,選手27,リザードンex,700055,,"4 位	50pt	選手27
プレイヤーID：0000000027",2026-07-29T00:00:00Z
2024-10-10,シティリーグ2025 シーズン1 オープンリーグ,サンプルバトル柏店,千葉県,オープン,5,25,0000000028,選手28,サーナイトex,700055,,"5 位	25pt	選手28
プレイヤーID：0000000028",2026-07-29T00:00:00Z
2024-10-10,シティリーグ2025 シーズン1 オープンリーグ,サンプルバトル柏店,千葉県,オープン,6,25,0000000030,選手30,タケルライコex,700055,,"6 位	25pt	選手30
プレイヤーID：0000000030",2026-07-29T00:00:00Z
2024-10-10,シティリーグ2025 シーズン1 オープンリーグ,サンプルバトル柏店,千葉県,オープン,7,25,0000000041,選手41,ドラパルトex,700055,,"7 位	25pt	選手41
プレイヤーID：0000000041",2026-07-29T00:00:00Z
2024-10-10,シティリーグ2025 シーズン1 オープンリーグ,サンプルバトル柏店,千葉県,オープン,8,25,0000000042,選手42,タケルライコex,700055,,"8 位	25pt	選手42
プレイヤーID：0000000042",2026-07-29T00:00:00Z
2025-03-10,シティリーグ2025 シーズン3 オープンリーグ,サンプルバトル柏店,千葉県,オープン,1,100,0000000014,選手14,タケルライコex,700056,,"1 位	100pt	選手14
プレイヤーID：0000000014",2026-07-29T00:00:00Z
2025-03-10,シティリーグ2025 シーズン3 オープンリーグ,サンプルバトル柏店,千葉県,オープン,2,75,0000000019,選手19,サーナイトex,700056,,"2 位	75pt	選手19
プレイヤーID：0000000019",2026-07-29T00:00:00Z
2025-03-10,シティリーグ2025 シーズン3 オープンリーグ,サンプルバトル柏店,千葉県,オープン,3,50,0000000021,選手21,タケルライコex,700056,,"3 位	50pt	選手21
プレイヤーID：0000000021",2026-07-29T00:00:00Z
2025-03-10,シティリーグ2025 シーズン3 オープンリーグ,サンプルバトル柏店,千葉県,オープン,4,50,0000000022,選手22,ドラパルトex,700056,,"4 位	50pt	選手22
プレイヤーID：0000000022",2026-07-29T00:00:00Z
2025-03-10,シティリーグ2025 シーズン3 オープンリーグ,サンプルバトル柏店,千葉県,オープン,5,25,0000000034,選手34,ドラパルトex,700056,,"5 位	25pt	選手34
プレイヤーID：0000000034",2026-07-29T00:00:00Z
2025-03-10,シティリーグ2025 シーズン3 オープンリーグ,サンプルバトル柏店,千葉県,オープン,6,25,0000000036,選手36,リザードンex,700056,,"6 位	25pt	選手36
プレイヤーID：0000000036",2026-07-29T00:00:00Z
2025-03-10,シティリーグ2025 シーズン3 オープンリーグ,サンプルバトル柏店,千葉県,オープン,7,25,0000000040,選手40,リザードンex,700056,,"7 位	25pt	選手40
プレイヤーID：0000000040",2026-07-29T00:00:00Z
2025-03-10,シティリーグ2025 シーズン3 オープンリーグ,サンプルバトル柏店,千葉県,オープン,8,25,0000000046,選手46,ドラパルトex,700056,,"8 位	25pt	選手46
プレイヤーID：0000000046",2026-07-29T00:00:00Z
2024-10-10,シティリーグ2025 シーズン1 オープンリーグ,サンプルカード横浜店,神奈川県,オープン,1,100,0000000011,選手11,タケルライコex,700057,,"1 位	100pt	選手11
プレイヤーID：0000000011",2026-07-29T00:00:00Z
2024-10-10,シティリーグ2025 シーズン1 オープンリーグ,サンプルカード横浜店,神奈川県,オープン,2,75,0000000013,選手13,リザードンex,700057,,"2 位	75pt	選手13
プレイヤーID：0000000013",2026-07-29T00:00:00Z
2024-10-10,シティリーグ2025 シーズン1 オープンリーグ,サンプルカード横浜店,神奈川県,オープン,3,50,0000000016,選手16,リザードンex,700057,,"3 位	50pt	選手16
プレイヤーID：0000000016",2026-07-29T00:00:00Z
2024-10-10,シティリーグ2025 シーズン1 オープンリーグ,サンプルカード横浜店,神奈川県,オープン,4,50,0000000017,選手17,リザードンex,700057,,"4 位	50pt	選手17
プレイヤーID：0000000017",2026-07-29T00:00:00Z
2024-10-10,シティリーグ2025 シーズン1 オープンリーグ,サンプルカード横浜店,神奈川県,オープン,5,25,0000000021,選手21,タケルライコex,700057,,"5 位	25pt	選手21
プレイヤーID：0000000021",2026-07-29T00:00:00Z
2024-10-10,シティリーグ2025 シーズン1 オープンリーグ,サンプルカード横浜店,神奈川県,オープン,6,25,0000000032,選手32,リザードンex,700057,,"6 位	25pt	選手32
プレイヤーID：0000000032",2026-07-29T00:00:00Z
2024-10-10,シティリーグ2025 シーズン1 オープンリーグ,サンプルカード横浜店,神奈川県,オープン,7,25,0000000039,選手39,ドラパルトex,700057,,"7 位	25pt	選手39
プレイヤーID：0000000039",2026-07-29T00:00:00Z
2024-10-10,シティリーグ2025 シーズン1 オープンリーグ,サンプルカード横浜店,神奈川県,オープン,8,25,0000000044,選手44,リザードンex,700057,,"8 位	25pt	選手44
プレイヤーID：0000000044",2026-07-29T00:00:00Z
2025-03-10,シティリーグ2025 シーズン3 オープンリーグ,サンプルカード横浜店,神奈川県,オープン,1,100,0000000012,選手12,サーナイトex,700058,,"1 位	100pt	選手12
プレイヤーID：0000000012",2026-07-29T00:00:00Z
2025-03-10,シティリーグ2025 シーズン3 オープンリーグ,サンプルカード横浜店,神奈川県,オープン,2,75,0000000014,選手14,リザードンex,700058,,"2 位	75pt	選手14
プレイヤーID：0000000014",2026-07-29T00:00:00Z
2025-03-10,シティリーグ2025 シーズン3 オープンリーグ,サンプルカード横浜店,神奈川県,オープン,3,50,0000000015,選手15,リザードンex,700058,,"3 位	50pt	選手15
プレイヤーID：0000000015",2026-07-29T00:00:00Z
2025-03-10,シティリーグ2025 シーズン3 オープンリーグ,サンプルカード横浜店,神奈川県,オープン,4,50,0000000020,選手20,ドラパルトex,700058,,"4 位	50pt	選手20
プレイヤーID：0000000020",2026-07-29T00:00:00Z
2025-03-10,シティリーグ2025 シーズン3 オープンリーグ,サンプルカード横浜店,神奈川県,オープン,5,25,0000000024,選手24,ドラパルトex,700058,,"5 位	25pt	選手24
プレイヤーID：0000000024",2026-07-29T00:00:00Z
2025-03-10,シティリーグ2025 シーズン3 オープンリーグ,サンプルカード横浜店,神奈川県,オープン,6,25,0000000028,選手28,リザードンex,700058,,"6 位	25pt	選手28
プレイヤーID：0000000028",2026-07-29T00:00:00Z
2025-03-10,シティリーグ2025 シーズン3 オープンリーグ,サンプルカード横浜店,神奈川県,オープン,7,25,0000000032,選手32,サーナイトex,700058,,"7 位	25pt	選手32
プレイヤーID：0000000032",2026-07-29T00:00:00Z
2025-03-10,シティリーグ2025 シーズン3 オープンリーグ,サンプルカード横浜店,神奈川県,オープン,8,25,0000000034,選手34,リザードンex,700058,,"8 位	25pt	選手34
プレイヤーID：0000000034",2026-07-29T00:00:00Z
2024-10-11,シティリーグ2025 シーズン1 オープンリーグ,サンプルトレカ川崎店,神奈川県,オープン,1,100,0000000011,選手11,タケルライコex,700059,,"1 位	100pt	選手11
プレイヤーID：0000000011",2026-07-29T00:00:00Z
2024-10-11,シティリーグ2025 シーズン1 オープンリーグ,サンプルトレカ川崎店,神奈川県,オープン,2,75,0000000018,選手18,サーナイトex,700059,,"2 位	75pt	選手18
プレイヤーID：0000000018",2026-07-29T00:00:00Z
2024-10-11,シティリーグ2025 シーズン1 オープンリーグ,サンプルトレカ川崎店,神奈川県,オープン,3,50,0000000026,選手26,サーナイトex,700059,,"3 位	50pt	選手26
プレイヤーID：0000000026",2026-07-29T00:00:00Z
2024-10-11,シティリーグ2025 シーズン1 オープンリーグ,サンプルトレカ川崎店,神奈川県,オープン,4,50,0000000028,選手28,タケルライコex,700059,,"4 位	50pt	選手28
プレイヤーID：0000000028",2026-07-29T00:00:00Z
2024-10-11,シティリーグ2025 シーズン1 オープンリーグ,サンプルトレカ川崎店,神奈川県,オープン,5,25,0000000029,選手29,ドラパルトex,700059,,"5 位	25pt	選手29
プレイヤーID：0000000029",2026-07-29T00:00:00Z
2024-10-11,シティリーグ2025 シーズン1 オープンリーグ,サンプルトレカ川崎店,神奈川県,オープン,6,25,0000000042,選手42,ドラパルトex,700059,,"6 位	25pt	選手42
プレイヤーID：0000000042",2026-07-29T00:00:00Z
2024-10-11,シティリーグ2025 シーズン1 オープンリーグ,サンプルトレカ川崎店,神奈川県,オープン,7,25,0000000045,選手45,タケルライコex,700059,,"7 位	25pt	選手45
プレイヤーID：0000000045",2026-07-29T00:00:00Z
2024-10-11,シティリーグ2025 シーズン1 オープンリーグ,サンプルトレカ川崎店,神奈川県,オープン,8,25,0000000049,選手49,リザードンex,700059,,"8 位	25pt	選手49
プレイヤーID：0000000049",2026-07-29T00:00:00Z
2025-03-11,シティリーグ2025 シーズン3 オープンリーグ,サンプルトレカ川崎店,神奈川県,オープン,1,100,0000000022,選手22,タケルライコex,700060,,"1 位	100pt	選手22
プレイヤーID：0000000022",2026-07-29T00:00:00Z
2025-03-11,シティリーグ2025 シーズン3 オープンリーグ,サンプルトレカ川崎店,神奈川県,オープン,2,75,0000000025,選手25,サーナイトex,700060,,"2 位	75pt	選手25
プレイヤーID：0000000025",2026-07-29T00:00:00Z
2025-03-11,シティリーグ2025 シーズン3 オープンリーグ,サンプルトレカ川崎店,神奈川県,オープン,3,50,0000000028,選手28,ドラパルトex,700060,,"3 位	50pt	選手28
プレイヤーID：0000000028",2026-07-29T00:00:00Z
2025-03-11,シティリーグ2025 シーズン3 オープンリーグ,サンプルトレカ川崎店,神奈川県,オープン,4,50,0000000035,選手35,リザードンex,700060,,"4 位	50pt	選手35
プレイヤーID：0000000035",2026-07-29T00:00:00Z
2025-03-11,シティリーグ2025 シーズン3 オープンリーグ,サンプルトレカ川崎店,神奈川県,オープン,5,25,0000000038,選手38,リザードンex,700060,,"5 位	25pt	選手38
プレイヤーID：0000000038",2026-07-29T00:00:00Z
2025-03-11,シティリーグ2025 シーズン3 オープンリーグ,サンプルトレカ川崎店,神奈川県,オープン,6,25,0000000044,選手44,リザードンex,700060,,"6 位	25pt	選手44
プレイヤーID：0000000044",2026-07-29T00:00:00Z
2025-03-11,シティリーグ2025 シーズン3 オープンリーグ,サンプルトレカ川崎店,神奈川県,オープン,7,25,0000000046,選手46,ドラパルトex,700060,,"7 位	25pt	選手46
プレイヤーID：0000000046",2026-07-29T00:00:00Z
2025-03-11,シティリーグ2025 シーズン3 オープンリーグ,サンプルトレカ川崎店,神奈川県,オープン,8,25,0000000051,選手51,ドラパルトex,700060,,"8 位	25pt	選手51
プレイヤーID：0000000051",2026-07-29T00:00:00Z
2024-10-11,シティリーグ2025 シーズン1 オープンリーグ,サンプルカード大阪店,大阪府,オープン,1,100,0000000001,Top-A,リザードンex,700061,,"1 位	100pt	Top-A
プレイヤーID：0000000001",2026-07-29T00:00:00Z
2024-10-11,シティリーグ2025 シーズン1 オープンリーグ,サンプルカード大阪店,大阪府,オープン,2,75,0000000011,選手11,リザードンex,700061,,"2 位	75pt	選手11
プレイヤーID：0000000011",2026-07-29T00:00:00Z
2024-10-11,シティリーグ2025 シーズン1 オープンリーグ,サンプルカード大阪店,大阪府,オープン,3,50,0000000015,選手15,ドラパルトex,700061,,"3 位	50pt	選手15
プレイヤーID：0000000015",2026-07-29T00:00:00Z
2024-10-11,シティリーグ2025 シーズン1 オープンリーグ,サンプルカード大阪店,大阪府,オープン,4,50,0000000017,選手17,リザードンex,700061,,"4 位	50pt	選手17
プレイヤーID：0000000017",2026-07-29T00:00:00Z
2024-10-11,シティリーグ2025 シーズン1 オープンリーグ,サンプルカード大阪店,大阪府,オープン,5,25,0000000020,選手20,タケルライコex,700061,,"5 位	25pt	選手20
プレイヤーID：0000000020",2026-07-29T00:00:00Z
2024-10-11,シティリーグ2025 シーズン1 オープンリーグ,サンプルカード大阪店,大阪府,オープン,6,25,0000000023,選手23,サーナイトex,700061,,"6 位	25pt	選手23
プレイヤーID：0000000023",2026-07-29T00:00:00Z
2024-10-11,シティリーグ2025 シーズン1 オープンリーグ,サンプルカード大阪店,大阪府,オープン,7,25,0000000025,選手25,リザードンex,700061,,"7 位	25pt	選手25
プレイヤーID：0000000025",2026-07-29T00:00:00Z
2024-10-11,シティリーグ2025 シーズン1 オープンリーグ,サンプルカード大阪店,大阪府,オープン,8,25,0000000037,選手37,リザードンex,700061,,"8 位	25pt	選手37
プレイヤーID：0000000037",2026-07-29T00:00:00Z
2025-03-11,シティリーグ2025 シーズン3 オープンリーグ,サンプルカード大阪店,大阪府,オープン,1,100,0000000003,選手03,ドラパルトex,700062,,"1 位	100pt	選手03
プレイヤーID：0000000003",2026-07-29T00:00:00Z
2025-03-11,シティリーグ2025 シーズン3 オープンリーグ,サンプルカード大阪店,大阪府,オープン,2,75,0000000004,選手04,サーナイトex,700062,,"2 位	75pt	選手04
プレイヤーID：0000000004",2026-07-29T00:00:00Z
2025-03-11,シティリーグ2025 シーズン3 オープンリーグ,サンプルカード大阪店,大阪府,オープン,3,50,0000000011,選手11,サーナイトex,700062,,"3 位	50pt	選手11
プレイヤーID：0000000011",2026-07-29T00:00:00Z
2025-03-11,シティリーグ2025 シーズン3 オープンリーグ,サンプルカード大阪店,大阪府,オープン,4,50,0000000013,選手13,リザードンex,700062,,"4 位	50pt	選手13
プレイヤーID：0000000013",2026-07-29T00:00:00Z
2025-03-11,シティリーグ2025 シーズン3 オープンリーグ,サンプルカード大阪店,大阪府,オープン,5,25,0000000016,選手16,ドラパルトex,700062,,"5 位	25pt	選手16
プレイヤーID：0000000016",2026-07-29T00:00:00Z
2025-03-11,シティリーグ2025 シーズン3 オープンリーグ,サンプルカード大阪店,大阪府,オープン,6,25,0000000019,選手19,サーナイトex,700062,,"6 位	25pt	選手19
プレイヤーID：0000000019",2026-07-29T00:00:00Z
2025-03-11,シティリーグ2025 シーズン3 オープンリーグ,サンプルカード大阪店,大阪府,オープン,7,25,0000000027,選手27,リザードンex,700062,,"7 位	25pt	選手27
プレイヤーID：0000000027",2026-07-29T00:00:00Z
2025-03-11,シティリーグ2025 シーズン3 オープンリーグ,サンプルカード大阪店,大阪府,オープン,8,25,0000000031,選手31,ドラパルトex,700062,,"8 位	25pt	選手31
プレイヤーID：0000000031",2026-07-29T00:00:00Z
2024-10-12,シティリーグ2025 シーズン1 オープンリーグ,サンプルトレカ梅田店,大阪府,オープン,1,100,0000000010,Ten,タケルライコex,700063,,"1 位	100pt	Ten
プレイヤーID：0000000010",2026-07-29T00:00:00Z
2024-10-12,シティリーグ2025 シーズン1 オープンリーグ,サンプルトレカ梅田店,大阪府,オープン,2,75,0000000012,選手12,リザードンex,700063,,"2 位	75pt	選手12
プレイヤーID：0000000012",2026-07-29T00:00:00Z
2024-10-12,シティリーグ2025 シーズン1 オープンリーグ,サンプルトレカ梅田店,大阪府,オープン,3,50,0000000016,選手16,タケルライコex,700063,,"3 位	50pt	選手16
プレイヤーID：0000000016",2026-07-29T00:00:00Z
2024-10-12,シティリーグ2025 シーズン1 オープンリーグ,サンプルトレカ梅田店,大阪府,オープン,4,50,0000000025,選手25,リザードンex,700063,,"4 位	50pt	選手25
プレイヤーID：0000000025",2026-07-29T00:00:00Z
2024-10-12,シティリーグ2025 シーズン1 オープンリーグ,サンプルトレカ梅田店,大阪府,オープン,5,25,0000000030,選手30,タケルライコex,700063,,"5 位	25pt	選手30
プレイヤーID：0000000030",2026-07-29T00:00:00Z
2024-10-12,シティリーグ2025 シーズン1 オープンリーグ,サンプルトレカ梅田店,大阪府,オープン,6,25,0000000035,選手35,タケルライコex,700063,,"6 位	25pt	選手35
プレイヤーID：0000000035",2026-07-29T00:00:00Z
2024-10-12,シティリーグ2025 シーズン1 オープンリーグ,サンプルトレカ梅田店,大阪府,オープン,7,25,0000000038,選手38,リザードンex,700063,,"7 位	25pt	選手38
プレイヤーID：0000000038",2026-07-29T00:00:00Z
2024-10-12,シティリーグ2025 シーズン1 オープンリーグ,サンプルトレカ梅田店,大阪府,オープン,8,25,0000000041,選手41,ドラパルトex,700063,,"8 位	25pt	選手41
プレイヤーID：0000000041",2026-07-29T00:00:00Z
2025-03-12,シティリーグ2025 シーズン3 オープンリーグ,サンプルトレカ梅田店,大阪府,オープン,1,100,0000000001,Top-A,タケルライコex,700064,,"1 位	100pt	Top-A
プレイヤーID：0000000001",2026-07-29T00:00:00Z
2025-03-12,シティリーグ2025 シーズン3 オープンリーグ,サンプルトレカ梅田店,大阪府,オープン,2,75,0000000003,選手03,ドラパルトex,700064,,"2 位	75pt	選手03
プレイヤーID：0000000003",2026-07-29T00:00:00Z
2025-03-12,シティリーグ2025 シーズン3 オープンリーグ,サンプルトレカ梅田店,大阪府,オープン,3,50,0000000011,選手11,ドラパルトex,700064,,"3 位	50pt	選手11
プレイヤーID：0000000011",2026-07-29T00:00:00Z
2025-03-12,シティリーグ2025 シーズン3 オープンリーグ,サンプルトレカ梅田店,大阪府,オープン,4,50,0000000013,選手13,ドラパルトex,700064,,"4 位	50pt	選手13
プレイヤーID：0000000013",2026-07-29T00:00:00Z
2025-03-12,シティリーグ2025 シーズン3 オープンリーグ,サンプルトレカ梅田店,大阪府,オープン,5,25,0000000014,選手14,リザードンex,700064,,"5 位	25pt	選手14
プレイヤーID：0000000014",2026-07-29T00:00:00Z
2025-03-12,シティリーグ2025 シーズン3 オープンリーグ,サンプルトレカ梅田店,大阪府,オープン,6,25,0000000015,選手15,タケルライコex,700064,,"6 位	25pt	選手15
プレイヤーID：0000000015",2026-07-29T00:00:00Z
2025-03-12,シティリーグ2025 シーズン3 オープンリーグ,サンプルトレカ梅田店,大阪府,オープン,7,25,0000000026,選手26,サーナイトex,700064,,"7 位	25pt	選手26
プレイヤーID：0000000026",2026-07-29T00:00:00Z
2025-03-12,シティリーグ2025 シーズン3 オープンリーグ,サンプルトレカ梅田店,大阪府,オープン,8,25,0000000028,選手28,リザードンex,700064,,"8 位	25pt	選手28
プレイヤーID：0000000028",2026-07-29T00:00:00Z
2024-10-12,シティリーグ2025 シーズン1 オープンリーグ,サンプルカード愛知店,愛知県,オープン,1,100,0000000025,選手25,タケルライコex,700065,,"1 位	100pt	選手25
プレイヤーID：0000000025",2026-07-29T00:00:00Z
2024-10-12,シティリーグ2025 シーズン1 オープンリーグ,サンプルカード愛知店,愛知県,オープン,2,75,0000000028,選手28,リザードンex,700065,,"2 位	75pt	選手28
プレイヤーID：0000000028",2026-07-29T00:00:00Z
2024-10-12,シティリーグ2025 シーズン1 オープンリーグ,サンプルカード愛知店,愛知県,オープン,3,50,0000000031,選手31,ドラパルトex,700065,,"3 位	50pt	選手31
プレイヤーID：0000000031",2026-07-29T00:00:00Z
2024-10-12,シティリーグ2025 シーズン1 オープンリーグ,サンプルカード愛知店,愛知県,オープン,4,50,0000000032,選手32,タケルライコex,700065,,"4 位	50pt	選手32
プレイヤーID：0000000032",2026-07-29T00:00:00Z
2024-10-12,シティリーグ2025 シーズン1 オープンリーグ,サンプルカード愛知店,愛知県,オープン,5,25,0000000033,選手33,ドラパルトex,700065,,"5 位	25pt	選手33
プレイヤーID：0000000033",2026-07-29T00:00:00Z
2024-10-12,シティリーグ2025 シーズン1 オープンリーグ,サンプルカード愛知店,愛知県,オープン,6,25,0000000038,選手38,サーナイトex,700065,,"6 位	25pt	選手38
プレイヤーID：0000000038",2026-07-29T00:00:00Z
2024-10-12,シティリーグ2025 シーズン1 オープンリーグ,サンプルカード愛知店,愛知県,オープン,7,25,0000000042,選手42,サーナイトex,700065,,"7 位	25pt	選手42
プレイヤーID：0000000042",2026-07-29T00:00:00Z
2024-10-12,シティリーグ2025 シーズン1 オープンリーグ,サンプルカード愛知店,愛知県,オープン,8,25,0000000048,選手48,リザードンex,700065,,"8 位	25pt	選手48
プレイヤーID：0000000048",2026-07-29T00:00:00Z
2025-03-12,シティリーグ2025 シーズン3 オープンリーグ,サンプルカード愛知店,愛知県,オープン,1,100,0000000021,選手21,タケルライコex,700066,,"1 位	100pt	選手21
プレイヤーID：0000000021",2026-07-29T00:00:00Z
2025-03-12,シティリーグ2025 シーズン3 オープンリーグ,サンプルカード愛知店,愛知県,オープン,2,75,0000000026,選手26,リザードンex,700066,,"2 位	75pt	選手26
プレイヤーID：0000000026",2026-07-29T00:00:00Z
2025-03-12,シティリーグ2025 シーズン3 オープンリーグ,サンプルカード愛知店,愛知県,オープン,3,50,0000000027,選手27,サーナイトex,700066,,"3 位	50pt	選手27
プレイヤーID：0000000027",2026-07-29T00:00:00Z
2025-03-12,シティリーグ2025 シーズン3 オープンリーグ,サンプルカード愛知店,愛知県,オープン,4,50,0000000028,選手28,タケルライコex,700066,,"4 位	50pt	選手28
プレイヤーID：0000000028",2026-07-29T00:00:00Z
2025-03-12,シティリーグ2025 シーズン3 オープンリーグ,サンプルカード愛知店,愛知県,オープン,5,25,0000000036,選手36,ドラパルトex,700066,,"5 位	25pt	選手36
プレイヤーID：0000000036",2026-07-29T00:00:00Z
2025-03-12,シティリーグ2025 シーズン3 オープンリーグ,サンプルカード愛知店,愛知県,オープン,6,25,0000000037,選手37,ドラパルトex,700066,,"6 位	25pt	選手37
プレイヤーID：0000000037",2026-07-29T00:00:00Z
2025-03-12,シティリーグ2025 シーズン3 オープンリーグ,サンプルカード愛知店,愛知県,オープン,7,25,0000000043,選手43,リザードンex,700066,,"7 位	25pt	選手43
プレイヤーID：0000000043",2026-07-29T00:00:00Z
2025-03-12,シティリーグ2025 シーズン3 オープンリーグ,サンプルカード愛知店,愛知県,オープン,8,25,0000000046,選手46,タケルライコex,700066,,"8 位	25pt	選手46
プレイヤーID：0000000046",2026-07-29T00:00:00Z
2024-10-13,シティリーグ2025 シーズン1 オープンリーグ,サンプルトレカ名古屋店,愛知県,オープン,1,100,0000000023,選手23,サーナイトex,700067,,"1 位	100pt	選手23
プレイヤーID：0000000023",2026-07-29T00:00:00Z
2024-10-13,シティリーグ2025 シーズン1 オープンリーグ,サンプルトレカ名古屋店,愛知県,オープン,2,75,0000000024,選手24,タケルライコex,700067,,"2 位	75pt	選手24
プレイヤーID：0000000024",2026-07-29T00:00:00Z
2024-10-13,シティリーグ2025 シーズン1 オープンリーグ,サンプルトレカ名古屋店,愛知県,オープン,3,50,0000000036,選手36,ドラパルトex,700067,,"3 位	50pt	選手36
プレイヤーID：0000000036",2026-07-29T00:00:00Z
2024-10-13,シティリーグ2025 シーズン1 オープンリーグ,サンプルトレカ名古屋店,愛知県,オープン,4,50,0000000037,選手37,リザードンex,700067,,"4 位	50pt	選手37
プレイヤーID：0000000037",2026-07-29T00:00:00Z
2024-10-13,シティリーグ2025 シーズン1 オープンリーグ,サンプルトレカ名古屋店,愛知県,オープン,5,25,0000000043,選手43,リザードンex,700067,,"5 位	25pt	選手43
プレイヤーID：0000000043",2026-07-29T00:00:00Z
2024-10-13,シティリーグ2025 シーズン1 オープンリーグ,サンプルトレカ名古屋店,愛知県,オープン,6,25,0000000047,選手47,リザードンex,700067,,"6 位	25pt	選手47
プレイヤーID：0000000047",2026-07-29T00:00:00Z
2024-10-13,シティリーグ2025 シーズン1 オープンリーグ,サンプルトレカ名古屋店,愛知県,オープン,7,25,0000000055,選手55,リザードンex,700067,,"7 位	25pt	選手55
プレイヤーID：0000000055",2026-07-29T00:00:00Z
2024-10-13,シティリーグ2025 シーズン1 オープンリーグ,サンプルトレカ名古屋店,愛知県,オープン,8,25,0000000057,選手57,ドラパルトex,700067,,"8 位	25pt	選手57
プレイヤーID：0000000057",2026-07-29T00:00:00Z
2025-03-13,シティリーグ2025 シーズン3 オープンリーグ,サンプルトレカ名古屋店,愛知県,オープン,1,100,0000000026,選手26,リザードンex,700068,,"1 位	100pt	選手26
プレイヤーID：0000000026",2026-07-29T00:00:00Z
2025-03-13,シティリーグ2025 シーズン3 オープンリーグ,サンプルトレカ名古屋店,愛知県,オープン,2,75,0000000033,選手33,リザードンex,700068,,"2 位	75pt	選手33
プレイヤーID：0000000033",2026-07-29T00:00:00Z
2025-03-13,シティリーグ2025 シーズン3 オープンリーグ,サンプルトレカ名古屋店,愛知県,オープン,3,50,0000000037,選手37,ドラパルトex,700068,,"3 位	50pt	選手37
プレイヤーID：0000000037",2026-07-29T00:00:00Z
2025-03-13,シティリーグ2025 シーズン3 オープンリーグ,サンプルトレカ名古屋店,愛知県,オープン,4,50,0000000043,選手43,タケルライコex,700068,,"4 位	50pt	選手43
プレイヤーID：0000000043",2026-07-29T00:00:00Z
2025-03-13,シティリーグ2025 シーズン3 オープンリーグ,サンプルトレカ名古屋店,愛知県,オープン,5,25,0000000046,選手46,タケルライコex,700068,,"5 位	25pt	選手46
プレイヤーID：0000000046",2026-07-29T00:00:00Z
2025-03-13,シティリーグ2025 シーズン3 オープンリーグ,サンプルトレカ名古屋店,愛知県,オープン,6,25,0000000047,選手47,リザードンex,700068,,"6 位	25pt	選手47
プレイヤーID：0000000047",2026-07-29T00:00:00Z
2025-03-13,シティリーグ2025 シーズン3 オープンリーグ,サンプルトレカ名古屋店,愛知県,オープン,7,25,0000000051,選手51,リザードンex,700068,,"7 位	25pt	選手51
プレイヤーID：0000000051",2026-07-29T00:00:00Z
2025-03-13,シティリーグ2025 シーズン3 オープンリーグ,サンプルトレカ名古屋店,愛知県,オープン,8,25,0000000060,選手60,タケルライコex,700068,,"8 位	25pt	選手60
プレイヤーID：0000000060",2026-07-29T00:00:00Z
2024-10-13,シティリーグ2025 シーズン1 オープンリーグ,サンプルカード福岡店,福岡県,オープン,1,100,0000000026,選手26,ドラパルトex,700069,,"1 位	100pt	選手26
プレイヤーID：0000000026",2026-07-29T00:00:00Z
2024-10-13,シティリーグ2025 シーズン1 オープンリーグ,サンプルカード福岡店,福岡県,オープン,2,75,0000000027,選手27,ドラパルトex,700069,,"2 位	75pt	選手27
プレイヤーID：0000000027",2026-07-29T00:00:00Z
2024-10-13,シティリーグ2025 シーズン1 オープンリーグ,サンプルカード福岡店,福岡県,オープン,3,50,0000000028,選手28,タケルライコex,700069,,"3 位	50pt	選手28
プレイヤーID：0000000028",2026-07-29T00:00:00Z
2024-10-13,シティリーグ2025 シーズン1 オープンリーグ,サンプルカード福岡店,福岡県,オープン,4,50,0000000029,選手29,タケルライコex,700069,,"4 位	50pt	選手29
プレイヤーID：0000000029",2026-07-29T00:00:00Z
2024-10-13,シティリーグ2025 シーズン1 オープンリーグ,サンプルカード福岡店,福岡県,オープン,5,25,0000000040,選手40,ドラパルトex,700069,,"5 位	25pt	選手40
プレイヤーID：0000000040",2026-07-29T00:00:00Z
2024-10-13,シティリーグ2025 シーズン1 オープンリーグ,サンプルカード福岡店,福岡県,オープン,6,25,0000000043,選手43,ドラパルトex,700069,,"6 位	25pt	選手43
プレイヤーID：0000000043",2026-07-29T00:00:00Z
2024-10-13,シティリーグ2025 シーズン1 オープンリーグ,サンプルカード福岡店,福岡県,オープン,7,25,0000000045,選手45,リザードンex,700069,,"7 位	25pt	選手45
プレイヤーID：0000000045",2026-07-29T00:00:00Z
2024-10-13,シティリーグ2025 シーズン1 オープンリーグ,サンプルカード福岡店,福岡県,オープン,8,25,0000000053,選手53,タケルライコex,700069,,"8 位	25pt	選手53
プレイヤーID：0000000053",2026-07-29T00:00:00Z
2025-03-13,シティリーグ2025 シーズン3 オープンリーグ,サンプルカード福岡店,福岡県,オープン,1,100,0000000021,選手21,リザードンex,700070,,"1 位	100pt	選手21
プレイヤーID：0000000021",2026-07-29T00:00:00Z
2025-03-13,シティリーグ2025 シーズン3 オープンリーグ,サンプルカード福岡店,福岡県,オープン,2,75,0000000023,選手23,ドラパルトex,700070,,"2 位	75pt	選手23
プレイヤーID：0000000023",2026-07-29T00:00:00Z
2025-03-13,シティリーグ2025 シーズン3 オープンリーグ,サンプルカード福岡店,福岡県,オープン,3,50,0000000024,選手24,リザードンex,700070,,"3 位	50pt	選手24
プレイヤーID：0000000024",2026-07-29T00:00:00Z
2025-03-13,シティリーグ2025 シーズン3 オープンリーグ,サンプルカード福岡店,福岡県,オープン,4,50,0000000031,選手31,タケルライコex,700070,,"4 位	50pt	選手31
プレイヤーID：0000000031",2026-07-29T00:00:00Z
2025-03-13,シティリーグ2025 シーズン3 オープンリーグ,サンプルカード福岡店,福岡県,オープン,5,25,0000000033,選手33,タケルライコex,700070,,"5 位	25pt	選手33
プレイヤーID：0000000033",2026-07-29T00:00:00Z
2025-03-13,シティリーグ2025 シーズン3 オープンリーグ,サンプルカード福岡店,福岡県,オープン,6,25,0000000036,選手36,タケルライコex,700070,,"6 位	25pt	選手36
プレイヤーID：0000000036",2026-07-29T00:00:00Z
2025-03-13,シティリーグ2025 シーズン3 オープンリーグ,サンプルカード福岡店,福岡県,オープン,7,25,0000000041,選手41,リザードンex,700070,,"7 位	25pt	選手41
プレイヤーID：0000000041",2026-07-29T00:00:00Z
2025-03-13,シティリーグ2025 シーズン3 オープンリーグ,サンプルカード福岡店,福岡県,オープン,8,25,0000000056,選手56,サーナイトex,700070,,"8 位	25pt	選手56
プレイヤーID：0000000056",2026-07-29T00:00:00Z
2024-10-14,シティリーグ2025 シーズン1 オープンリーグ,サンプルトレカ博多店,福岡県,オープン,1,100,0000000024,選手24,タケルライコex,700071,,"1 位	100pt	選手24
プレイヤーID：0000000024",2026-07-29T00:00:00Z
2024-10-14,シティリーグ2025 シーズン1 オープンリーグ,サンプルトレカ博多店,福岡県,オープン,2,75,0000000028,選手28,リザードンex,700071,,"2 位	75pt	選手28
プレイヤーID：0000000028",2026-07-29T00:00:00Z
2024-10-14,シティリーグ2025 シーズン1 オープンリーグ,サンプルトレカ博多店,福岡県,オープン,3,50,0000000029,選手29,ドラパルトex,700071,,"3 位	50pt	選手29
プレイヤーID：0000000029",2026-07-29T00:00:00Z
2024-10-14,シティリーグ2025 シーズン1 オープンリーグ,サンプルトレカ博多店,福岡県,オープン,4,50,0000000032,選手32,リザードンex,700071,,"4 位	50pt	選手32
プレイヤーID：0000000032",2026-07-29T00:00:00Z
2024-10-14,シティリーグ2025 シーズン1 オープンリーグ,サンプルトレカ博多店,福岡県,オープン,5,25,0000000033,選手33,サーナイトex,700071,,"5 位	25pt	選手33
プレイヤーID：0000000033",2026-07-29T00:00:00Z
2024-10-14,シティリーグ2025 シーズン1 オープンリーグ,サンプルトレカ博多店,福岡県,オープン,6,25,0000000040,選手40,リザードンex,700071,,"6 位	25pt	選手40
プレイヤーID：0000000040",2026-07-29T00:00:00Z
2024-10-14,シティリーグ2025 シーズン1 オープンリーグ,サンプルトレカ博多店,福岡県,オープン,7,25,0000000041,選手41,サーナイトex,700071,,"7 位	25pt	選手41
プレイヤーID：0000000041",2026-07-29T00:00:00Z
2024-10-14,シティリーグ2025 シーズン1 オープンリーグ,サンプルトレカ博多店,福岡県,オープン,8,25,0000000045,選手45,タケルライコex,700071,,"8 位	25pt	選手45
プレイヤーID：0000000045",2026-07-29T00:00:00Z
2025-03-14,シティリーグ2025 シーズン3 オープンリーグ,サンプルトレカ博多店,福岡県,オープン,1,100,0000000022,選手22,ドラパルトex,700072,,"1 位	100pt	選手22
プレイヤーID：0000000022",2026-07-29T00:00:00Z
2025-03-14,シティリーグ2025 シーズン3 オープンリーグ,サンプルトレカ博多店,福岡県,オープン,2,75,0000000029,選手29,サーナイトex,700072,,"2 位	75pt	選手29
プレイヤーID：0000000029",2026-07-29T00:00:00Z
2025-03-14,シティリーグ2025 シーズン3 オープンリーグ,サンプルトレカ博多店,福岡県,オープン,3,50,0000000031,選手31,タケルライコex,700072,,"3 位	50pt	選手31
プレイヤーID：0000000031",2026-07-29T00:00:00Z
2025-03-14,シティリーグ2025 シーズン3 オープンリーグ,サンプルトレカ博多店,福岡県,オープン,4,50,0000000035,選手35,タケルライコex,700072,,"4 位	50pt	選手35
プレイヤーID：0000000035",2026-07-29T00:00:00Z
2025-03-14,シティリーグ2025 シーズン3 オープンリーグ,サンプルトレカ博多店,福岡県,オープン,5,25,0000000037,選手37,リザードンex,700072,,"5 位	25pt	選手37
プレイヤーID：0000000037",2026-07-29T00:00:00Z
2025-03-14,シティリーグ2025 シーズン3 オープンリーグ,サンプルトレカ博多店,福岡県,オープン,6,25,0000000041,選手41,サーナイトex,700072,,"6 位	25pt	選手41
プレイヤーID：0000000041",2026-07-29T00:00:00Z
2025-03-14,シティリーグ2025 シーズン3 オープンリーグ,サンプルトレカ博多店,福岡県,オープン,7,25,0000000051,選手51,リザードンex,700072,,"7 位	25pt	選手51
プレイヤーID：0000000051",2026-07-29T00:00:00Z
2025-03-14,シティリーグ2025 シーズン3 オープンリーグ,サンプルトレカ博多店,福岡県,オープン,8,25,0000000056,選手56,タケルライコex,700072,,"8 位	25pt	選手56
プレイヤーID：0000000056",2026-07-29T00:00:00Z
2025-10-08,シティリーグ2026 シーズン1 オープンリーグ,サンプルカード東京本店,東京都,オープン,1,100,0000000001,Aster,リザードンex,700073,,"1 位	100pt	Aster
プレイヤーID：0000000001",2026-07-29T00:00:00Z
2025-10-08,シティリーグ2026 シーズン1 オープンリーグ,サンプルカード東京本店,東京都,オープン,2,75,0000000002,B-two,タケルライコex,700073,,"2 位	75pt	B-two
プレイヤーID：0000000002",2026-07-29T00:00:00Z
2025-10-08,シティリーグ2026 シーズン1 オープンリーグ,サンプルカード東京本店,東京都,オープン,3,50,0000000006,選手06,ドラパルトex,700073,,"3 位	50pt	選手06
プレイヤーID：0000000006",2026-07-29T00:00:00Z
2025-10-08,シティリーグ2026 シーズン1 オープンリーグ,サンプルカード東京本店,東京都,オープン,4,50,0000000007,選手07,タケルライコex,700073,,"4 位	50pt	選手07
プレイヤーID：0000000007",2026-07-29T00:00:00Z
2025-10-08,シティリーグ2026 シーズン1 オープンリーグ,サンプルカード東京本店,東京都,オープン,5,25,0000000016,選手16,リザードンex,700073,,"5 位	25pt	選手16
プレイヤーID：0000000016",2026-07-29T00:00:00Z
2025-10-08,シティリーグ2026 シーズン1 オープンリーグ,サンプルカード東京本店,東京都,オープン,6,25,0000000018,選手18,タケルライコex,700073,,"6 位	25pt	選手18
プレイヤーID：0000000018",2026-07-29T00:00:00Z
2025-10-08,シティリーグ2026 シーズン1 オープンリーグ,サンプルカード東京本店,東京都,オープン,7,25,0000000026,選手26,リザードンex,700073,,"7 位	25pt	選手26
プレイヤーID：0000000026",2026-07-29T00:00:00Z
2025-10-08,シティリーグ2026 シーズン1 オープンリーグ,サンプルカード東京本店,東京都,オープン,8,25,0000000032,選手32,サーナイトex,700073,,"8 位	25pt	選手32
プレイヤーID：0000000032",2026-07-29T00:00:00Z
2026-03-08,シティリーグ2026 シーズン3 オープンリーグ,サンプルカード東京本店,東京都,オープン,1,100,0000000004,選手04,タケルライコex,700074,,"1 位	100pt	選手04
プレイヤーID：0000000004",2026-07-29T00:00:00Z
2026-03-08,シティリーグ2026 シーズン3 オープンリーグ,サンプルカード東京本店,東京都,オープン,2,75,0000000007,選手07,サーナイトex,700074,,"2 位	75pt	選手07
プレイヤーID：0000000007",2026-07-29T00:00:00Z
2026-03-08,シティリーグ2026 シーズン3 オープンリーグ,サンプルカード東京本店,東京都,オープン,3,50,0000000012,選手12,タケルライコex,700074,,"3 位	50pt	選手12
プレイヤーID：0000000012",2026-07-29T00:00:00Z
2026-03-08,シティリーグ2026 シーズン3 オープンリーグ,サンプルカード東京本店,東京都,オープン,4,50,0000000015,選手15,サーナイトex,700074,,"4 位	50pt	選手15
プレイヤーID：0000000015",2026-07-29T00:00:00Z
2026-03-08,シティリーグ2026 シーズン3 オープンリーグ,サンプルカード東京本店,東京都,オープン,5,25,0000000020,選手20,サーナイトex,700074,,"5 位	25pt	選手20
プレイヤーID：0000000020",2026-07-29T00:00:00Z
2026-03-08,シティリーグ2026 シーズン3 オープンリーグ,サンプルカード東京本店,東京都,オープン,6,25,0000000025,選手25,サーナイトex,700074,,"6 位	25pt	選手25
プレイヤーID：0000000025",2026-07-29T00:00:00Z
2026-03-08,シティリーグ2026 シーズン3 オープンリーグ,サンプルカード東京本店,東京都,オープン,7,25,0000000029,選手29,ドラパルトex,700074,,"7 位	25pt	選手29
プレイヤーID：0000000029",2026-07-29T00:00:00Z
2026-03-08,シティリーグ2026 シーズン3 オープンリーグ,サンプルカード東京本店,東京都,オープン,8,25,0000000041,選手41,タケルライコex,700074,,"8 位	25pt	選手41
プレイヤーID：0000000041",2026-07-29T00:00:00Z
2025-10-09,シティリーグ2026 シーズン1 オープンリーグ,サンプルカード池袋店,東京都,オープン,1,100,0000000002,B-two,サーナイトex,700075,,"1 位	100pt	B-two
プレイヤーID：0000000002",2026-07-29T00:00:00Z
2025-10-09,シティリーグ2026 シーズン1 オープンリーグ,サンプルカード池袋店,東京都,オープン,2,75,0000000004,選手04,タケルライコex,700075,,"2 位	75pt	選手04
プレイヤーID：0000000004",2026-07-29T00:00:00Z
2025-10-09,シティリーグ2026 シーズン1 オープンリーグ,サンプルカード池袋店,東京都,オープン,3,50,0000000011,選手11,タケルライコex,700075,,"3 位	50pt	選手11
プレイヤーID：0000000011",2026-07-29T00:00:00Z
2025-10-09,シティリーグ2026 シーズン1 オープンリーグ,サンプルカード池袋店,東京都,オープン,4,50,0000000012,選手12,リザードンex,700075,,"4 位	50pt	選手12
プレイヤーID：0000000012",2026-07-29T00:00:00Z
2025-10-09,シティリーグ2026 シーズン1 オープンリーグ,サンプルカード池袋店,東京都,オープン,5,25,0000000019,選手19,リザードンex,700075,,"5 位	25pt	選手19
プレイヤーID：0000000019",2026-07-29T00:00:00Z
2025-10-09,シティリーグ2026 シーズン1 オープンリーグ,サンプルカード池袋店,東京都,オープン,6,25,0000000020,選手20,リザードンex,700075,,"6 位	25pt	選手20
プレイヤーID：0000000020",2026-07-29T00:00:00Z
2025-10-09,シティリーグ2026 シーズン1 オープンリーグ,サンプルカード池袋店,東京都,オープン,7,25,0000000030,選手30,リザードンex,700075,,"7 位	25pt	選手30
プレイヤーID：0000000030",2026-07-29T00:00:00Z
2025-10-09,シティリーグ2026 シーズン1 オープンリーグ,サンプルカード池袋店,東京都,オープン,8,25,0000000032,選手32,ドラパルトex,700075,,"8 位	25pt	選手32
プレイヤーID：0000000032",2026-07-29T00:00:00Z
2026-03-09,シティリーグ2026 シーズン3 オープンリーグ,サンプルカード池袋店,東京都,オープン,1,100,0000000002,B-two,サーナイトex,700076,,"1 位	100pt	B-two
プレイヤーID：0000000002",2026-07-29T00:00:00Z
2026-03-09,シティリーグ2026 シーズン3 オープンリーグ,サンプルカード池袋店,東京都,オープン,2,75,0000000008,選手08,ドラパルトex,700076,,"2 位	75pt	選手08
プレイヤーID：0000000008",2026-07-29T00:00:00Z
2026-03-09,シティリーグ2026 シーズン3 オープンリーグ,サンプルカード池袋店,東京都,オープン,3,50,0000000010,Ten_2026,タケルライコex,700076,,"3 位	50pt	Ten_2026
プレイヤーID：0000000010",2026-07-29T00:00:00Z
2026-03-09,シティリーグ2026 シーズン3 オープンリーグ,サンプルカード池袋店,東京都,オープン,4,50,0000000013,選手13,サーナイトex,700076,,"4 位	50pt	選手13
プレイヤーID：0000000013",2026-07-29T00:00:00Z
2026-03-09,シティリーグ2026 シーズン3 オープンリーグ,サンプルカード池袋店,東京都,オープン,5,25,0000000014,選手14,タケルライコex,700076,,"5 位	25pt	選手14
プレイヤーID：0000000014",2026-07-29T00:00:00Z
2026-03-09,シティリーグ2026 シーズン3 オープンリーグ,サンプルカード池袋店,東京都,オープン,6,25,0000000018,選手18,リザードンex,700076,,"6 位	25pt	選手18
プレイヤーID：0000000018",2026-07-29T00:00:00Z
2026-03-09,シティリーグ2026 シーズン3 オープンリーグ,サンプルカード池袋店,東京都,オープン,7,25,0000000026,選手26,リザードンex,700076,,"7 位	25pt	選手26
プレイヤーID：0000000026",2026-07-29T00:00:00Z
2026-03-09,シティリーグ2026 シーズン3 オープンリーグ,サンプルカード池袋店,東京都,オープン,8,25,0000000027,選手27,リザードンex,700076,,"8 位	25pt	選手27
プレイヤーID：0000000027",2026-07-29T00:00:00Z
2025-10-09,シティリーグ2026 シーズン1 オープンリーグ,サンプルトレカ千葉店,千葉県,オープン,1,100,0000000011,選手11,サーナイトex,700077,,"1 位	100pt	選手11
プレイヤーID：0000000011",2026-07-29T00:00:00Z
2025-10-09,シティリーグ2026 シーズン1 オープンリーグ,サンプルトレカ千葉店,千葉県,オープン,2,75,0000000015,選手15,ドラパルトex,700077,,"2 位	75pt	選手15
プレイヤーID：0000000015",2026-07-29T00:00:00Z
2025-10-09,シティリーグ2026 シーズン1 オープンリーグ,サンプルトレカ千葉店,千葉県,オープン,3,50,0000000019,選手19,リザードンex,700077,,"3 位	50pt	選手19
プレイヤーID：0000000019",2026-07-29T00:00:00Z
2025-10-09,シティリーグ2026 シーズン1 オープンリーグ,サンプルトレカ千葉店,千葉県,オープン,4,50,0000000023,選手23,サーナイトex,700077,,"4 位	50pt	選手23
プレイヤーID：0000000023",2026-07-29T00:00:00Z
2025-10-09,シティリーグ2026 シーズン1 オープンリーグ,サンプルトレカ千葉店,千葉県,オープン,5,25,0000000028,選手28,タケルライコex,700077,,"5 位	25pt	選手28
プレイヤーID：0000000028",2026-07-29T00:00:00Z
2025-10-09,シティリーグ2026 シーズン1 オープンリーグ,サンプルトレカ千葉店,千葉県,オープン,6,25,0000000030,選手30,タケルライコex,700077,,"6 位	25pt	選手30
プレイヤーID：0000000030",2026-07-29T00:00:00Z
2025-10-09,シティリーグ2026 シーズン1 オープンリーグ,サンプルトレカ千葉店,千葉県,オープン,7,25,0000000042,選手42,タケルライコex,700077,,"7 位	25pt	選手42
プレイヤーID：0000000042",2026-07-29T00:00:00Z
2025-10-09,シティリーグ2026 シーズン1 オープンリーグ,サンプルトレカ千葉店,千葉県,オープン,8,25,0000000046,選手46,ドラパルトex,700077,,"8 位	25pt	選手46
プレイヤーID：0000000046",2026-07-29T00:00:00Z
2026-03-09,シティリーグ2026 シーズン3 オープンリーグ,サンプルトレカ千葉店,千葉県,オープン,1,100,0000000011,選手11,リザードンex,700078,,"1 位	100pt	選手11
プレイヤーID：0000000011",2026-07-29T00:00:00Z
2026-03-09,シティリーグ2026 シーズン3 オープンリーグ,サンプルトレカ千葉店,千葉県,オープン,2,75,0000000015,選手15,タケルライコex,700078,,"2 位	75pt	選手15
プレイヤーID：0000000015",2026-07-29T00:00:00Z
2026-03-09,シティリーグ2026 シーズン3 オープンリーグ,サンプルトレカ千葉店,千葉県,オープン,3,50,0000000022,選手22,リザードンex,700078,,"3 位	50pt	選手22
プレイヤーID：0000000022",2026-07-29T00:00:00Z
2026-03-09,シティリーグ2026 シーズン3 オープンリーグ,サンプルトレカ千葉店,千葉県,オープン,4,50,0000000025,選手25,ドラパルトex,700078,,"4 位	50pt	選手25
プレイヤーID：0000000025",2026-07-29T00:00:00Z
2026-03-09,シティリーグ2026 シーズン3 オープンリーグ,サンプルトレカ千葉店,千葉県,オープン,5,25,0000000036,選手36,リザードンex,700078,,"5 位	25pt	選手36
プレイヤーID：0000000036",2026-07-29T00:00:00Z
2026-03-09,シティリーグ2026 シーズン3 オープンリーグ,サンプルトレカ千葉店,千葉県,オープン,6,25,0000000037,選手37,サーナイトex,700078,,"6 位	25pt	選手37
プレイヤーID：0000000037",2026-07-29T00:00:00Z
2026-03-09,シティリーグ2026 シーズン3 オープンリーグ,サンプルトレカ千葉店,千葉県,オープン,7,25,0000000048,選手48,タケルライコex,700078,,"7 位	25pt	選手48
プレイヤーID：0000000048",2026-07-29T00:00:00Z
2026-03-09,シティリーグ2026 シーズン3 オープンリーグ,サンプルトレカ千葉店,千葉県,オープン,8,25,0000000049,選手49,サーナイトex,700078,,"8 位	25pt	選手49
プレイヤーID：0000000049",2026-07-29T00:00:00Z
2025-10-10,シティリーグ2026 シーズン1 オープンリーグ,サンプルバトル柏店,千葉県,オープン,1,100,0000000011,選手11,サーナイトex,700079,,"1 位	100pt	選手11
プレイヤーID：0000000011",2026-07-29T00:00:00Z
2025-10-10,シティリーグ2026 シーズン1 オープンリーグ,サンプルバトル柏店,千葉県,オープン,2,75,0000000013,選手13,タケルライコex,700079,,"2 位	75pt	選手13
プレイヤーID：0000000013",2026-07-29T00:00:00Z
2025-10-10,シティリーグ2026 シーズン1 オープンリーグ,サンプルバトル柏店,千葉県,オープン,3,50,0000000014,選手14,タケルライコex,700079,,"3 位	50pt	選手14
プレイヤーID：0000000014",2026-07-29T00:00:00Z
2025-10-10,シティリーグ2026 シーズン1 オープンリーグ,サンプルバトル柏店,千葉県,オープン,4,50,0000000020,選手20,リザードンex,700079,,"4 位	50pt	選手20
プレイヤーID：0000000020",2026-07-29T00:00:00Z
2025-10-10,シティリーグ2026 シーズン1 オープンリーグ,サンプルバトル柏店,千葉県,オープン,5,25,0000000024,選手24,サーナイトex,700079,,"5 位	25pt	選手24
プレイヤーID：0000000024",2026-07-29T00:00:00Z
2025-10-10,シティリーグ2026 シーズン1 オープンリーグ,サンプルバトル柏店,千葉県,オープン,6,25,0000000035,選手35,ドラパルトex,700079,,"6 位	25pt	選手35
プレイヤーID：0000000035",2026-07-29T00:00:00Z
2025-10-10,シティリーグ2026 シーズン1 オープンリーグ,サンプルバトル柏店,千葉県,オープン,7,25,0000000039,選手39,ドラパルトex,700079,,"7 位	25pt	選手39
プレイヤーID：0000000039",2026-07-29T00:00:00Z
2025-10-10,シティリーグ2026 シーズン1 オープンリーグ,サンプルバトル柏店,千葉県,オープン,8,25,0000000049,選手49,リザードンex,700079,,"8 位	25pt	選手49
プレイヤーID：0000000049",2026-07-29T00:00:00Z
2026-03-10,シティリーグ2026 シーズン3 オープンリーグ,サンプルバトル柏店,千葉県,オープン,1,100,0000000017,選手17,リザードンex,700080,,"1 位	100pt	選手17
プレイヤーID：0000000017",2026-07-29T00:00:00Z
2026-03-10,シティリーグ2026 シーズン3 オープンリーグ,サンプルバトル柏店,千葉県,オープン,2,75,0000000020,選手20,タケルライコex,700080,,"2 位	75pt	選手20
プレイヤーID：0000000020",2026-07-29T00:00:00Z
2026-03-10,シティリーグ2026 シーズン3 オープンリーグ,サンプルバトル柏店,千葉県,オープン,3,50,0000000025,選手25,タケルライコex,700080,,"3 位	50pt	選手25
プレイヤーID：0000000025",2026-07-29T00:00:00Z
2026-03-10,シティリーグ2026 シーズン3 オープンリーグ,サンプルバトル柏店,千葉県,オープン,4,50,0000000028,選手28,ドラパルトex,700080,,"4 位	50pt	選手28
プレイヤーID：0000000028",2026-07-29T00:00:00Z
2026-03-10,シティリーグ2026 シーズン3 オープンリーグ,サンプルバトル柏店,千葉県,オープン,5,25,0000000032,選手32,リザードンex,700080,,"5 位	25pt	選手32
プレイヤーID：0000000032",2026-07-29T00:00:00Z
2026-03-10,シティリーグ2026 シーズン3 オープンリーグ,サンプルバトル柏店,千葉県,オープン,6,25,0000000037,選手37,タケルライコex,700080,,"6 位	25pt	選手37
プレイヤーID：0000000037",2026-07-29T00:00:00Z
2026-03-10,シティリーグ2026 シーズン3 オープンリーグ,サンプルバトル柏店,千葉県,オープン,7,25,0000000047,選手47,サーナイトex,700080,,"7 位	25pt	選手47
プレイヤーID：0000000047",2026-07-29T00:00:00Z
2026-03-10,シティリーグ2026 シーズン3 オープンリーグ,サンプルバトル柏店,千葉県,オープン,8,25,0000000049,選手49,サーナイトex,700080,,"8 位	25pt	選手49
プレイヤーID：0000000049",2026-07-29T00:00:00Z
2025-10-10,シティリーグ2026 シーズン1 オープンリーグ,サンプルカード横浜店,神奈川県,オープン,1,100,0000000011,選手11,ドラパルトex,700081,,"1 位	100pt	選手11
プレイヤーID：0000000011",2026-07-29T00:00:00Z
2025-10-10,シティリーグ2026 シーズン1 オープンリーグ,サンプルカード横浜店,神奈川県,オープン,2,75,0000000013,選手13,サーナイトex,700081,,"2 位	75pt	選手13
プレイヤーID：0000000013",2026-07-29T00:00:00Z
2025-10-10,シティリーグ2026 シーズン1 オープンリーグ,サンプルカード横浜店,神奈川県,オープン,3,50,0000000014,選手14,リザードンex,700081,,"3 位	50pt	選手14
プレイヤーID：0000000014",2026-07-29T00:00:00Z
2025-10-10,シティリーグ2026 シーズン1 オープンリーグ,サンプルカード横浜店,神奈川県,オープン,4,50,0000000016,選手16,ドラパルトex,700081,,"4 位	50pt	選手16
プレイヤーID：0000000016",2026-07-29T00:00:00Z
2025-10-10,シティリーグ2026 シーズン1 オープンリーグ,サンプルカード横浜店,神奈川県,オープン,5,25,0000000027,選手27,リザードンex,700081,,"5 位	25pt	選手27
プレイヤーID：0000000027",2026-07-29T00:00:00Z
2025-10-10,シティリーグ2026 シーズン1 オープンリーグ,サンプルカード横浜店,神奈川県,オープン,6,25,0000000036,選手36,リザードンex,700081,,"6 位	25pt	選手36
プレイヤーID：0000000036",2026-07-29T00:00:00Z
2025-10-10,シティリーグ2026 シーズン1 オープンリーグ,サンプルカード横浜店,神奈川県,オープン,7,25,0000000039,選手39,サーナイトex,700081,,"7 位	25pt	選手39
プレイヤーID：0000000039",2026-07-29T00:00:00Z
2025-10-10,シティリーグ2026 シーズン1 オープンリーグ,サンプルカード横浜店,神奈川県,オープン,8,25,0000000049,選手49,サーナイトex,700081,,"8 位	25pt	選手49
プレイヤーID：0000000049",2026-07-29T00:00:00Z
2026-03-10,シティリーグ2026 シーズン3 オープンリーグ,サンプルカード横浜店,神奈川県,オープン,1,100,0000000011,選手11,リザードンex,700082,,"1 位	100pt	選手11
プレイヤーID：0000000011",2026-07-29T00:00:00Z
2026-03-10,シティリーグ2026 シーズン3 オープンリーグ,サンプルカード横浜店,神奈川県,オープン,2,75,0000000015,選手15,タケルライコex,700082,,"2 位	75pt	選手15
プレイヤーID：0000000015",2026-07-29T00:00:00Z
2026-03-10,シティリーグ2026 シーズン3 オープンリーグ,サンプルカード横浜店,神奈川県,オープン,3,50,0000000020,選手20,ドラパルトex,700082,,"3 位	50pt	選手20
プレイヤーID：0000000020",2026-07-29T00:00:00Z
2026-03-10,シティリーグ2026 シーズン3 オープンリーグ,サンプルカード横浜店,神奈川県,オープン,4,50,0000000022,選手22,ドラパルトex,700082,,"4 位	50pt	選手22
プレイヤーID：0000000022",2026-07-29T00:00:00Z
2026-03-10,シティリーグ2026 シーズン3 オープンリーグ,サンプルカード横浜店,神奈川県,オープン,5,25,0000000028,選手28,リザードンex,700082,,"5 位	25pt	選手28
プレイヤーID：0000000028",2026-07-29T00:00:00Z
2026-03-10,シティリーグ2026 シーズン3 オープンリーグ,サンプルカード横浜店,神奈川県,オープン,6,25,0000000030,選手30,タケルライコex,700082,,"6 位	25pt	選手30
プレイヤーID：0000000030",2026-07-29T00:00:00Z
2026-03-10,シティリーグ2026 シーズン3 オープンリーグ,サンプルカード横浜店,神奈川県,オープン,7,25,0000000038,選手38,タケルライコex,700082,,"7 位	25pt	選手38
プレイヤーID：0000000038",2026-07-29T00:00:00Z
2026-03-10,シティリーグ2026 シーズン3 オープンリーグ,サンプルカード横浜店,神奈川県,オープン,8,25,0000000039,選手39,サーナイトex,700082,,"8 位	25pt	選手39
プレイヤーID：0000000039",2026-07-29T00:00:00Z
2025-10-11,シティリーグ2026 シーズン1 オープンリーグ,サンプルトレカ川崎店,神奈川県,オープン,1,100,0000000011,選手11,サーナイトex,700083,,"1 位	100pt	選手11
プレイヤーID：0000000011",2026-07-29T00:00:00Z
2025-10-11,シティリーグ2026 シーズン1 オープンリーグ,サンプルトレカ川崎店,神奈川県,オープン,2,75,0000000022,選手22,ドラパルトex,700083,,"2 位	75pt	選手22
プレイヤーID：0000000022",2026-07-29T00:00:00Z
2025-10-11,シティリーグ2026 シーズン1 オープンリーグ,サンプルトレカ川崎店,神奈川県,オープン,3,50,0000000024,選手24,タケルライコex,700083,,"3 位	50pt	選手24
プレイヤーID：0000000024",2026-07-29T00:00:00Z
2025-10-11,シティリーグ2026 シーズン1 オープンリーグ,サンプルトレカ川崎店,神奈川県,オープン,4,50,0000000031,選手31,サーナイトex,700083,,"4 位	50pt	選手31
プレイヤーID：0000000031",2026-07-29T00:00:00Z
2025-10-11,シティリーグ2026 シーズン1 オープンリーグ,サンプルトレカ川崎店,神奈川県,オープン,5,25,0000000032,選手32,タケルライコex,700083,,"5 位	25pt	選手32
プレイヤーID：0000000032",2026-07-29T00:00:00Z
2025-10-11,シティリーグ2026 シーズン1 オープンリーグ,サンプルトレカ川崎店,神奈川県,オープン,6,25,0000000038,選手38,ドラパルトex,700083,,"6 位	25pt	選手38
プレイヤーID：0000000038",2026-07-29T00:00:00Z
2025-10-11,シティリーグ2026 シーズン1 オープンリーグ,サンプルトレカ川崎店,神奈川県,オープン,7,25,0000000046,選手46,ドラパルトex,700083,,"7 位	25pt	選手46
プレイヤーID：0000000046",2026-07-29T00:00:00Z
2025-10-11,シティリーグ2026 シーズン1 オープンリーグ,サンプルトレカ川崎店,神奈川県,オープン,8,25,0000000049,選手49,タケルライコex,700083,,"8 位	25pt	選手49
プレイヤーID：0000000049",2026-07-29T00:00:00Z
2026-03-11,シティリーグ2026 シーズン3 オープンリーグ,サンプルトレカ川崎店,神奈川県,オープン,1,100,0000000017,選手17,サーナイトex,700084,,"1 位	100pt	選手17
プレイヤーID：0000000017",2026-07-29T00:00:00Z
2026-03-11,シティリーグ2026 シーズン3 オープンリーグ,サンプルトレカ川崎店,神奈川県,オープン,2,75,0000000023,選手23,サーナイトex,700084,,"2 位	75pt	選手23
プレイヤーID：0000000023",2026-07-29T00:00:00Z
2026-03-11,シティリーグ2026 シーズン3 オープンリーグ,サンプルトレカ川崎店,神奈川県,オープン,3,50,0000000030,選手30,タケルライコex,700084,,"3 位	50pt	選手30
プレイヤーID：0000000030",2026-07-29T00:00:00Z
2026-03-11,シティリーグ2026 シーズン3 オープンリーグ,サンプルトレカ川崎店,神奈川県,オープン,4,50,0000000034,選手34,ドラパルトex,700084,,"4 位	50pt	選手34
プレイヤーID：0000000034",2026-07-29T00:00:00Z
2026-03-11,シティリーグ2026 シーズン3 オープンリーグ,サンプルトレカ川崎店,神奈川県,オープン,5,25,0000000035,選手35,リザードンex,700084,,"5 位	25pt	選手35
プレイヤーID：0000000035",2026-07-29T00:00:00Z
2026-03-11,シティリーグ2026 シーズン3 オープンリーグ,サンプルトレカ川崎店,神奈川県,オープン,6,25,0000000036,選手36,タケルライコex,700084,,"6 位	25pt	選手36
プレイヤーID：0000000036",2026-07-29T00:00:00Z
2026-03-11,シティリーグ2026 シーズン3 オープンリーグ,サンプルトレカ川崎店,神奈川県,オープン,7,25,0000000039,選手39,ドラパルトex,700084,,"7 位	25pt	選手39
プレイヤーID：0000000039",2026-07-29T00:00:00Z
2026-03-11,シティリーグ2026 シーズン3 オープンリーグ,サンプルトレカ川崎店,神奈川県,オープン,8,25,0000000048,選手48,タケルライコex,700084,,"8 位	25pt	選手48
プレイヤーID：0000000048",2026-07-29T00:00:00Z
2025-10-11,シティリーグ2026 シーズン1 オープンリーグ,サンプルカード大阪店,大阪府,オープン,1,100,0000000002,B-two,リザードンex,700085,,"1 位	100pt	B-two
プレイヤーID：0000000002",2026-07-29T00:00:00Z
2025-10-11,シティリーグ2026 シーズン1 オープンリーグ,サンプルカード大阪店,大阪府,オープン,2,75,0000000004,選手04,タケルライコex,700085,,"2 位	75pt	選手04
プレイヤーID：0000000004",2026-07-29T00:00:00Z
2025-10-11,シティリーグ2026 シーズン1 オープンリーグ,サンプルカード大阪店,大阪府,オープン,3,50,0000000006,選手06,サーナイトex,700085,,"3 位	50pt	選手06
プレイヤーID：0000000006",2026-07-29T00:00:00Z
2025-10-11,シティリーグ2026 シーズン1 オープンリーグ,サンプルカード大阪店,大阪府,オープン,4,50,0000000010,Ten_2026,サーナイトex,700085,,"4 位	50pt	Ten_2026
プレイヤーID：0000000010",2026-07-29T00:00:00Z
2025-10-11,シティリーグ2026 シーズン1 オープンリーグ,サンプルカード大阪店,大阪府,オープン,5,25,0000000016,選手16,ドラパルトex,700085,,"5 位	25pt	選手16
プレイヤーID：0000000016",2026-07-29T00:00:00Z
2025-10-11,シティリーグ2026 シーズン1 オープンリーグ,サンプルカード大阪店,大阪府,オープン,6,25,0000000022,選手22,リザードンex,700085,,"6 位	25pt	選手22
プレイヤーID：0000000022",2026-07-29T00:00:00Z
2025-10-11,シティリーグ2026 シーズン1 オープンリーグ,サンプルカード大阪店,大阪府,オープン,7,25,0000000026,選手26,リザードンex,700085,,"7 位	25pt	選手26
プレイヤーID：0000000026",2026-07-29T00:00:00Z
2025-10-11,シティリーグ2026 シーズン1 オープンリーグ,サンプルカード大阪店,大阪府,オープン,8,25,0000000028,選手28,ドラパルトex,700085,,"8 位	25pt	選手28
プレイヤーID：0000000028",2026-07-29T00:00:00Z
2026-03-11,シティリーグ2026 シーズン3 オープンリーグ,サンプルカード大阪店,大阪府,オープン,1,100,0000000002,B-two,リザードンex,700086,,"1 位	100pt	B-two
プレイヤーID：0000000002",2026-07-29T00:00:00Z
2026-03-11,シティリーグ2026 シーズン3 オープンリーグ,サンプルカード大阪店,大阪府,オープン,2,75,0000000015,選手15,リザードンex,700086,,"2 位	75pt	選手15
プレイヤーID：0000000015",2026-07-29T00:00:00Z
2026-03-11,シティリーグ2026 シーズン3 オープンリーグ,サンプルカード大阪店,大阪府,オープン,3,50,0000000016,選手16,ドラパルトex,700086,,"3 位	50pt	選手16
プレイヤーID：0000000016",2026-07-29T00:00:00Z
2026-03-11,シティリーグ2026 シーズン3 オープンリーグ,サンプルカード大阪店,大阪府,オープン,4,50,0000000023,選手23,タケルライコex,700086,,"4 位	50pt	選手23
プレイヤーID：0000000023",2026-07-29T00:00:00Z
2026-03-11,シティリーグ2026 シーズン3 オープンリーグ,サンプルカード大阪店,大阪府,オープン,5,25,0000000024,選手24,ドラパルトex,700086,,"5 位	25pt	選手24
プレイヤーID：0000000024",2026-07-29T00:00:00Z
2026-03-11,シティリーグ2026 シーズン3 オープンリーグ,サンプルカード大阪店,大阪府,オープン,6,25,0000000038,選手38,リザードンex,700086,,"6 位	25pt	選手38
プレイヤーID：0000000038",2026-07-29T00:00:00Z
2026-03-11,シティリーグ2026 シーズン3 オープンリーグ,サンプルカード大阪店,大阪府,オープン,7,25,0000000040,選手40,リザードンex,700086,,"7 位	25pt	選手40
プレイヤーID：0000000040",2026-07-29T00:00:00Z
2026-03-11,シティリーグ2026 シーズン3 オープンリーグ,サンプルカード大阪店,大阪府,オープン,8,25,0000000042,選手42,リザードンex,700086,,"8 位	25pt	選手42
プレイヤーID：0000000042",2026-07-29T00:00:00Z
2025-10-12,シティリーグ2026 シーズン1 オープンリーグ,サンプルトレカ梅田店,大阪府,オープン,1,100,0000000006,選手06,タケルライコex,700087,,"1 位	100pt	選手06
プレイヤーID：0000000006",2026-07-29T00:00:00Z
2025-10-12,シティリーグ2026 シーズン1 オープンリーグ,サンプルトレカ梅田店,大阪府,オープン,2,75,0000000007,選手07,リザードンex,700087,,"2 位	75pt	選手07
プレイヤーID：0000000007",2026-07-29T00:00:00Z
2025-10-12,シティリーグ2026 シーズン1 オープンリーグ,サンプルトレカ梅田店,大阪府,オープン,3,50,0000000011,選手11,ドラパルトex,700087,,"3 位	50pt	選手11
プレイヤーID：0000000011",2026-07-29T00:00:00Z
2025-10-12,シティリーグ2026 シーズン1 オープンリーグ,サンプルトレカ梅田店,大阪府,オープン,4,50,0000000015,選手15,ドラパルトex,700087,,"4 位	50pt	選手15
プレイヤーID：0000000015",2026-07-29T00:00:00Z
2025-10-12,シティリーグ2026 シーズン1 オープンリーグ,サンプルトレカ梅田店,大阪府,オープン,5,25,0000000021,選手21,ドラパルトex,700087,,"5 位	25pt	選手21
プレイヤーID：0000000021",2026-07-29T00:00:00Z
2025-10-12,シティリーグ2026 シーズン1 オープンリーグ,サンプルトレカ梅田店,大阪府,オープン,6,25,0000000026,選手26,リザードンex,700087,,"6 位	25pt	選手26
プレイヤーID：0000000026",2026-07-29T00:00:00Z
2025-10-12,シティリーグ2026 シーズン1 オープンリーグ,サンプルトレカ梅田店,大阪府,オープン,7,25,0000000030,選手30,タケルライコex,700087,,"7 位	25pt	選手30
プレイヤーID：0000000030",2026-07-29T00:00:00Z
2025-10-12,シティリーグ2026 シーズン1 オープンリーグ,サンプルトレカ梅田店,大阪府,オープン,8,25,0000000031,選手31,リザードンex,700087,,"8 位	25pt	選手31
プレイヤーID：0000000031",2026-07-29T00:00:00Z
2026-03-12,シティリーグ2026 シーズン3 オープンリーグ,サンプルトレカ梅田店,大阪府,オープン,1,100,0000000006,選手06,タケルライコex,700088,,"1 位	100pt	選手06
プレイヤーID：0000000006",2026-07-29T00:00:00Z
2026-03-12,シティリーグ2026 シーズン3 オープンリーグ,サンプルトレカ梅田店,大阪府,オープン,2,75,0000000010,Ten_2026,リザードンex,700088,,"2 位	75pt	Ten_2026
プレイヤーID：0000000010",2026-07-29T00:00:00Z
2026-03-12,シティリーグ2026 シーズン3 オープンリーグ,サンプルトレカ梅田店,大阪府,オープン,3,50,0000000016,選手16,ドラパルトex,700088,,"3 位	50pt	選手16
プレイヤーID：0000000016",2026-07-29T00:00:00Z
2026-03-12,シティリーグ2026 シーズン3 オープンリーグ,サンプルトレカ梅田店,大阪府,オープン,4,50,0000000021,選手21,タケルライコex,700088,,"4 位	50pt	選手21
プレイヤーID：0000000021",2026-07-29T00:00:00Z
2026-03-12,シティリーグ2026 シーズン3 オープンリーグ,サンプルトレカ梅田店,大阪府,オープン,5,25,0000000023,選手23,リザードンex,700088,,"5 位	25pt	選手23
プレイヤーID：0000000023",2026-07-29T00:00:00Z
2026-03-12,シティリーグ2026 シーズン3 オープンリーグ,サンプルトレカ梅田店,大阪府,オープン,6,25,0000000028,選手28,タケルライコex,700088,,"6 位	25pt	選手28
プレイヤーID：0000000028",2026-07-29T00:00:00Z
2026-03-12,シティリーグ2026 シーズン3 オープンリーグ,サンプルトレカ梅田店,大阪府,オープン,7,25,0000000034,選手34,ドラパルトex,700088,,"7 位	25pt	選手34
プレイヤーID：0000000034",2026-07-29T00:00:00Z
2026-03-12,シティリーグ2026 シーズン3 オープンリーグ,サンプルトレカ梅田店,大阪府,オープン,8,25,0000000040,選手40,ドラパルトex,700088,,"8 位	25pt	選手40
プレイヤーID：0000000040",2026-07-29T00:00:00Z
2025-10-12,シティリーグ2026 シーズン1 オープンリーグ,サンプルカード愛知店,愛知県,オープン,1,100,0000000028,選手28,リザードンex,700089,,"1 位	100pt	選手28
プレイヤーID：0000000028",2026-07-29T00:00:00Z
2025-10-12,シティリーグ2026 シーズン1 オープンリーグ,サンプルカード愛知店,愛知県,オープン,2,75,0000000032,選手32,タケルライコex,700089,,"2 位	75pt	選手32
プレイヤーID：0000000032",2026-07-29T00:00:00Z
2025-10-12,シティリーグ2026 シーズン1 オープンリーグ,サンプルカード愛知店,愛知県,オープン,3,50,0000000040,選手40,リザードンex,700089,,"3 位	50pt	選手40
プレイヤーID：0000000040",2026-07-29T00:00:00Z
2025-10-12,シティリーグ2026 シーズン1 オープンリーグ,サンプルカード愛知店,愛知県,オープン,4,50,0000000043,選手43,タケルライコex,700089,,"4 位	50pt	選手43
プレイヤーID：0000000043",2026-07-29T00:00:00Z
2025-10-12,シティリーグ2026 シーズン1 オープンリーグ,サンプルカード愛知店,愛知県,オープン,5,25,0000000047,選手47,サーナイトex,700089,,"5 位	25pt	選手47
プレイヤーID：0000000047",2026-07-29T00:00:00Z
2025-10-12,シティリーグ2026 シーズン1 オープンリーグ,サンプルカード愛知店,愛知県,オープン,6,25,0000000048,選手48,リザードンex,700089,,"6 位	25pt	選手48
プレイヤーID：0000000048",2026-07-29T00:00:00Z
2025-10-12,シティリーグ2026 シーズン1 オープンリーグ,サンプルカード愛知店,愛知県,オープン,7,25,0000000049,選手49,タケルライコex,700089,,"7 位	25pt	選手49
プレイヤーID：0000000049",2026-07-29T00:00:00Z
2025-10-12,シティリーグ2026 シーズン1 オープンリーグ,サンプルカード愛知店,愛知県,オープン,8,25,0000000051,選手51,タケルライコex,700089,,"8 位	25pt	選手51
プレイヤーID：0000000051",2026-07-29T00:00:00Z
2026-03-12,シティリーグ2026 シーズン3 オープンリーグ,サンプルカード愛知店,愛知県,オープン,1,100,0000000021,選手21,タケルライコex,700090,,"1 位	100pt	選手21
プレイヤーID：0000000021",2026-07-29T00:00:00Z
2026-03-12,シティリーグ2026 シーズン3 オープンリーグ,サンプルカード愛知店,愛知県,オープン,2,75,0000000023,選手23,ドラパルトex,700090,,"2 位	75pt	選手23
プレイヤーID：0000000023",2026-07-29T00:00:00Z
2026-03-12,シティリーグ2026 シーズン3 オープンリーグ,サンプルカード愛知店,愛知県,オープン,3,50,0000000025,選手25,サーナイトex,700090,,"3 位	50pt	選手25
プレイヤーID：0000000025",2026-07-29T00:00:00Z
2026-03-12,シティリーグ2026 シーズン3 オープンリーグ,サンプルカード愛知店,愛知県,オープン,4,50,0000000027,選手27,タケルライコex,700090,,"4 位	50pt	選手27
プレイヤーID：0000000027",2026-07-29T00:00:00Z
2026-03-12,シティリーグ2026 シーズン3 オープンリーグ,サンプルカード愛知店,愛知県,オープン,5,25,0000000036,選手36,ドラパルトex,700090,,"5 位	25pt	選手36
プレイヤーID：0000000036",2026-07-29T00:00:00Z
2026-03-12,シティリーグ2026 シーズン3 オープンリーグ,サンプルカード愛知店,愛知県,オープン,6,25,0000000041,選手41,リザードンex,700090,,"6 位	25pt	選手41
プレイヤーID：0000000041",2026-07-29T00:00:00Z
2026-03-12,シティリーグ2026 シーズン3 オープンリーグ,サンプルカード愛知店,愛知県,オープン,7,25,0000000044,選手44,ドラパルトex,700090,,"7 位	25pt	選手44
プレイヤーID：0000000044",2026-07-29T00:00:00Z
2026-03-12,シティリーグ2026 シーズン3 オープンリーグ,サンプルカード愛知店,愛知県,オープン,8,25,0000000048,選手48,サーナイトex,700090,,"8 位	25pt	選手48
プレイヤーID：0000000048",2026-07-29T00:00:00Z
2025-10-13,シティリーグ2026 シーズン1 オープンリーグ,サンプルトレカ名古屋店,愛知県,オープン,1,100,0000000021,選手21,リザードンex,700091,,"1 位	100pt	選手21
プレイヤーID：0000000021",2026-07-29T00:00:00Z
2025-10-13,シティリーグ2026 シーズン1 オープンリーグ,サンプルトレカ名古屋店,愛知県,オープン,2,75,0000000022,選手22,リザードンex,700091,,"2 位	75pt	選手22
プレイヤーID：0000000022",2026-07-29T00:00:00Z
2025-10-13,シティリーグ2026 シーズン1 オープンリーグ,サンプルトレカ名古屋店,愛知県,オープン,3,50,0000000033,選手33,タケルライコex,700091,,"3 位	50pt	選手33
プレイヤーID：0000000033",2026-07-29T00:00:00Z
2025-10-13,シティリーグ2026 シーズン1 オープンリーグ,サンプルトレカ名古屋店,愛知県,オープン,4,50,0000000035,選手35,リザードンex,700091,,"4 位	50pt	選手35
プレイヤーID：0000000035",2026-07-29T00:00:00Z
2025-10-13,シティリーグ2026 シーズン1 オープンリーグ,サンプルトレカ名古屋店,愛知県,オープン,5,25,0000000039,選手39,ドラパルトex,700091,,"5 位	25pt	選手39
プレイヤーID：0000000039",2026-07-29T00:00:00Z
2025-10-13,シティリーグ2026 シーズン1 オープンリーグ,サンプルトレカ名古屋店,愛知県,オープン,6,25,0000000043,選手43,リザードンex,700091,,"6 位	25pt	選手43
プレイヤーID：0000000043",2026-07-29T00:00:00Z
2025-10-13,シティリーグ2026 シーズン1 オープンリーグ,サンプルトレカ名古屋店,愛知県,オープン,7,25,0000000047,選手47,リザードンex,700091,,"7 位	25pt	選手47
プレイヤーID：0000000047",2026-07-29T00:00:00Z
2025-10-13,シティリーグ2026 シーズン1 オープンリーグ,サンプルトレカ名古屋店,愛知県,オープン,8,25,0000000055,選手55,ドラパルトex,700091,,"8 位	25pt	選手55
プレイヤーID：0000000055",2026-07-29T00:00:00Z
2026-03-13,シティリーグ2026 シーズン3 オープンリーグ,サンプルトレカ名古屋店,愛知県,オープン,1,100,0000000021,選手21,サーナイトex,700092,,"1 位	100pt	選手21
プレイヤーID：0000000021",2026-07-29T00:00:00Z
2026-03-13,シティリーグ2026 シーズン3 オープンリーグ,サンプルトレカ名古屋店,愛知県,オープン,2,75,0000000022,選手22,サーナイトex,700092,,"2 位	75pt	選手22
プレイヤーID：0000000022",2026-07-29T00:00:00Z
2026-03-13,シティリーグ2026 シーズン3 オープンリーグ,サンプルトレカ名古屋店,愛知県,オープン,3,50,0000000030,選手30,タケルライコex,700092,,"3 位	50pt	選手30
プレイヤーID：0000000030",2026-07-29T00:00:00Z
2026-03-13,シティリーグ2026 シーズン3 オープンリーグ,サンプルトレカ名古屋店,愛知県,オープン,4,50,0000000038,選手38,ドラパルトex,700092,,"4 位	50pt	選手38
プレイヤーID：0000000038",2026-07-29T00:00:00Z
2026-03-13,シティリーグ2026 シーズン3 オープンリーグ,サンプルトレカ名古屋店,愛知県,オープン,5,25,0000000041,選手41,サーナイトex,700092,,"5 位	25pt	選手41
プレイヤーID：0000000041",2026-07-29T00:00:00Z
2026-03-13,シティリーグ2026 シーズン3 オープンリーグ,サンプルトレカ名古屋店,愛知県,オープン,6,25,0000000044,選手44,ドラパルトex,700092,,"6 位	25pt	選手44
プレイヤーID：0000000044",2026-07-29T00:00:00Z
2026-03-13,シティリーグ2026 シーズン3 オープンリーグ,サンプルトレカ名古屋店,愛知県,オープン,7,25,0000000047,選手47,ドラパルトex,700092,,"7 位	25pt	選手47
プレイヤーID：0000000047",2026-07-29T00:00:00Z
2026-03-13,シティリーグ2026 シーズン3 オープンリーグ,サンプルトレカ名古屋店,愛知県,オープン,8,25,0000000050,選手50,サーナイトex,700092,,"8 位	25pt	選手50
プレイヤーID：0000000050",2026-07-29T00:00:00Z
2025-10-13,シティリーグ2026 シーズン1 オープンリーグ,サンプルカード福岡店,福岡県,オープン,1,100,0000000025,選手25,ドラパルトex,700093,,"1 位	100pt	選手25
プレイヤーID：0000000025",2026-07-29T00:00:00Z
2025-10-13,シティリーグ2026 シーズン1 オープンリーグ,サンプルカード福岡店,福岡県,オープン,2,75,0000000030,選手30,タケルライコex,700093,,"2 位	75pt	選手30
プレイヤーID：0000000030",2026-07-29T00:00:00Z
2025-10-13,シティリーグ2026 シーズン1 オープンリーグ,サンプルカード福岡店,福岡県,オープン,3,50,0000000032,選手32,サーナイトex,700093,,"3 位	50pt	選手32
プレイヤーID：0000000032",2026-07-29T00:00:00Z
2025-10-13,シティリーグ2026 シーズン1 オープンリーグ,サンプルカード福岡店,福岡県,オープン,4,50,0000000038,選手38,サーナイトex,700093,,"4 位	50pt	選手38
プレイヤーID：0000000038",2026-07-29T00:00:00Z
2025-10-13,シティリーグ2026 シーズン1 オープンリーグ,サンプルカード福岡店,福岡県,オープン,5,25,0000000042,選手42,リザードンex,700093,,"5 位	25pt	選手42
プレイヤーID：0000000042",2026-07-29T00:00:00Z
2025-10-13,シティリーグ2026 シーズン1 オープンリーグ,サンプルカード福岡店,福岡県,オープン,6,25,0000000046,選手46,サーナイトex,700093,,"6 位	25pt	選手46
プレイヤーID：0000000046",2026-07-29T00:00:00Z
2025-10-13,シティリーグ2026 シーズン1 オープンリーグ,サンプルカード福岡店,福岡県,オープン,7,25,0000000050,選手50,ドラパルトex,700093,,"7 位	25pt	選手50
プレイヤーID：0000000050",2026-07-29T00:00:00Z
2025-10-13,シティリーグ2026 シーズン1 オープンリーグ,サンプルカード福岡店,福岡県,オープン,8,25,0000000057,選手57,サーナイトex,700093,,"8 位	25pt	選手57
プレイヤーID：0000000057",2026-07-29T00:00:00Z
2026-03-13,シティリーグ2026 シーズン3 オープンリーグ,サンプルカード福岡店,福岡県,オープン,1,100,0000000023,選手23,ドラパルトex,700094,,"1 位	100pt	選手23
プレイヤーID：0000000023",2026-07-29T00:00:00Z
2026-03-13,シティリーグ2026 シーズン3 オープンリーグ,サンプルカード福岡店,福岡県,オープン,2,75,0000000024,選手24,タケルライコex,700094,,"2 位	75pt	選手24
プレイヤーID：0000000024",2026-07-29T00:00:00Z
2026-03-13,シティリーグ2026 シーズン3 オープンリーグ,サンプルカード福岡店,福岡県,オープン,3,50,0000000026,選手26,サーナイトex,700094,,"3 位	50pt	選手26
プレイヤーID：0000000026",2026-07-29T00:00:00Z
2026-03-13,シティリーグ2026 シーズン3 オープンリーグ,サンプルカード福岡店,福岡県,オープン,4,50,0000000028,選手28,タケルライコex,700094,,"4 位	50pt	選手28
プレイヤーID：0000000028",2026-07-29T00:00:00Z
2026-03-13,シティリーグ2026 シーズン3 オープンリーグ,サンプルカード福岡店,福岡県,オープン,5,25,0000000029,選手29,リザードンex,700094,,"5 位	25pt	選手29
プレイヤーID：0000000029",2026-07-29T00:00:00Z
2026-03-13,シティリーグ2026 シーズン3 オープンリーグ,サンプルカード福岡店,福岡県,オープン,6,25,0000000032,選手32,タケルライコex,700094,,"6 位	25pt	選手32
プレイヤーID：0000000032",2026-07-29T00:00:00Z
2026-03-13,シティリーグ2026 シーズン3 オープンリーグ,サンプルカード福岡店,福岡県,オープン,7,25,0000000041,選手41,リザードンex,700094,,"7 位	25pt	選手41
プレイヤーID：0000000041",2026-07-29T00:00:00Z
2026-03-13,シティリーグ2026 シーズン3 オープンリーグ,サンプルカード福岡店,福岡県,オープン,8,25,0000000045,選手45,タケルライコex,700094,,"8 位	25pt	選手45
プレイヤーID：0000000045",2026-07-29T00:00:00Z
2025-10-14,シティリーグ2026 シーズン1 オープンリーグ,サンプルトレカ博多店,福岡県,オープン,1,100,0000000026,選手26,ドラパルトex,700095,,"1 位	100pt	選手26
プレイヤーID：0000000026",2026-07-29T00:00:00Z
2025-10-14,シティリーグ2026 シーズン1 オープンリーグ,サンプルトレカ博多店,福岡県,オープン,2,75,0000000028,選手28,サーナイトex,700095,,"2 位	75pt	選手28
プレイヤーID：0000000028",2026-07-29T00:00:00Z
2025-10-14,シティリーグ2026 シーズン1 オープンリーグ,サンプルトレカ博多店,福岡県,オープン,3,50,0000000031,選手31,タケルライコex,700095,,"3 位	50pt	選手31
プレイヤーID：0000000031",2026-07-29T00:00:00Z
2025-10-14,シティリーグ2026 シーズン1 オープンリーグ,サンプルトレカ博多店,福岡県,オープン,4,50,0000000035,選手35,ドラパルトex,700095,,"4 位	50pt	選手35
プレイヤーID：0000000035",2026-07-29T00:00:00Z
2025-10-14,シティリーグ2026 シーズン1 オープンリーグ,サンプルトレカ博多店,福岡県,オープン,5,25,0000000039,選手39,タケルライコex,700095,,"5 位	25pt	選手39
プレイヤーID：0000000039",2026-07-29T00:00:00Z
2025-10-14,シティリーグ2026 シーズン1 オープンリーグ,サンプルトレカ博多店,福岡県,オープン,6,25,0000000041,選手41,サーナイトex,700095,,"6 位	25pt	選手41
プレイヤーID：0000000041",2026-07-29T00:00:00Z
2025-10-14,シティリーグ2026 シーズン1 オープンリーグ,サンプルトレカ博多店,福岡県,オープン,7,25,0000000045,選手45,タケルライコex,700095,,"7 位	25pt	選手45
プレイヤーID：0000000045",2026-07-29T00:00:00Z
2025-10-14,シティリーグ2026 シーズン1 オープンリーグ,サンプルトレカ博多店,福岡県,オープン,8,25,0000000050,選手50,ドラパルトex,700095,,"8 位	25pt	選手50
プレイヤーID：0000000050",2026-07-29T00:00:00Z
2026-03-14,シティリーグ2026 シーズン3 オープンリーグ,サンプルトレカ博多店,福岡県,オープン,1,100,0000000021,選手21,ドラパルトex,700096,,"1 位	100pt	選手21
プレイヤーID：0000000021",2026-07-29T00:00:00Z
2026-03-14,シティリーグ2026 シーズン3 オープンリーグ,サンプルトレカ博多店,福岡県,オープン,2,75,0000000025,選手25,リザードンex,700096,,"2 位	75pt	選手25
プレイヤーID：0000000025",2026-07-29T00:00:00Z
2026-03-14,シティリーグ2026 シーズン3 オープンリーグ,サンプルトレカ博多店,福岡県,オープン,3,50,0000000026,選手26,サーナイトex,700096,,"3 位	50pt	選手26
プレイヤーID：0000000026",2026-07-29T00:00:00Z
2026-03-14,シティリーグ2026 シーズン3 オープンリーグ,サンプルトレカ博多店,福岡県,オープン,4,50,0000000030,選手30,リザードンex,700096,,"4 位	50pt	選手30
プレイヤーID：0000000030",2026-07-29T00:00:00Z
2026-03-14,シティリーグ2026 シーズン3 オープンリーグ,サンプルトレカ博多店,福岡県,オープン,5,25,0000000031,選手31,タケルライコex,700096,,"5 位	25pt	選手31
プレイヤーID：0000000031",2026-07-29T00:00:00Z
2026-03-14,シティリーグ2026 シーズン3 オープンリーグ,サンプルトレカ博多店,福岡県,オープン,6,25,0000000034,選手34,サーナイトex,700096,,"6 位	25pt	選手34
プレイヤーID：0000000034",2026-07-29T00:00:00Z
2026-03-14,シティリーグ2026 シーズン3 オープンリーグ,サンプルトレカ博多店,福岡県,オープン,7,25,0000000047,選手47,リザードンex,700096,,"7 位	25pt	選手47
プレイヤーID：0000000047",2026-07-29T00:00:00Z
2026-03-14,シティリーグ2026 シーズン3 オープンリーグ,サンプルトレカ博多店,福岡県,オープン,8,25,0000000060,選手60,タケルライコex,700096,,"8 位	25pt	選手60
プレイヤーID：0000000060",2026-07-29T00:00:00Z
